source_job_id,title,company_name,salary_text,city,district,experience,education,industry,company_size,financing_stage,skills,description,source,source_url,publish_time,crawl_time
51job-00001,算法工程师,成都星河科技有限公司,16-32K·14薪,成都,青羊区,5-10年,不限,互联网,20-99人,天使轮,"Python,机器学习,深度学习,C++",负责推荐/搜索/广告等算法模型开发与优化，熟悉主流深度学习框架，有实际业务落地经验。,51job,https://51job.example.invalid/jobs/1,2026-05-07,2026-06-04 06:15:30
liepin-00002,销售经理,成都云智信息有限公司,4-20K·13薪,成都,青羊区,3-5年,本科,软件服务,100-499人,A轮,"销售,客户沟通,渠道拓展",负责客户开发、商务谈判和渠道拓展，制定销售策略并完成业绩指标，具备较强的客户沟通能力。,liepin,https://liepin.example.invalid/jobs/2,2026-04-08,2026-06-03 12:15:30
51job-00003,运维工程师,成都星河软件有限公司,7-20K,成都,成华区,3-5年,本科,教育培训,100-499人,上市公司,"Linux,Docker,Kubernetes,Redis,MySQL",负责系统部署上线、监控告警和故障排查，熟悉 Linux、Docker 和 Kubernetes 容器编排。,51job,https://51job.example.invalid/jobs/3,2026-05-30,2026-06-02 13:15:30
boss-00004,算法工程师,成都蓉创软件有限公司,17-36K,成都,青羊区,1-3年,本科,电子商务,100-499人,上市公司,"Python,机器学习,深度学习,C++",负责推荐/搜索/广告等算法模型开发与优化，熟悉主流深度学习框架，有实际业务落地经验。,boss,https://boss.example.invalid/jobs/4,2026-05-23,2026-06-02 23:15:30
lagou-00005,销售经理,成都天府数据有限公司,5-20K,成都,天府新区,1-3年,不限,企业服务,500-999人,B轮,"销售,客户沟通,渠道拓展",负责客户开发、商务谈判和渠道拓展，制定销售策略并完成业绩指标，具备较强的客户沟通能力。,lagou,https://lagou.example.invalid/jobs/5,2026-04-17,2026-06-03 13:15:30
lagou-00006,数据分析师,成都锦城数据有限公司,10-20K,成都,天府新区,1-3年,本科,智能制造,1000-9999人,C轮及以上,"SQL,Python,Excel,Tableau,数据分析,数据可视化",负责业务数据分析、指标体系建设和数据看板搭建，熟练 SQL、Excel 和 Python，能独立完成分析报告。,lagou,https://lagou.example.invalid/jobs/6,2026-04-15,2026-06-02 13:15:30
boss-00007,数据分析师,成都锦城软件有限公司,7-22K·14薪,成都,高新区,不限,硕士,金融科技,1000-9999人,C轮及以上,"SQL,Python,Excel,Tableau,数据分析,数据可视化",负责业务数据分析、指标体系建设和数据看板搭建，熟练 SQL、Excel 和 Python，能独立完成分析报告。,boss,https://boss.example.invalid/jobs/7,2026-05-21,2026-06-04 04:15:30
51job-00008,Python 后端工程师,成都锦城软件有限公司,10-25K,成都,武侯区,3-5年,大专,教育培训,20-99人,上市公司,"Python,FastAPI,PostgreSQL,Redis,Docker",负责业务后端服务开发，参与系统架构设计，使用 Python、FastAPI、PostgreSQL、Redis、Docker 构建稳定高效的微服务接口。,51job,https://51job.example.invalid/jobs/8,2026-04-28,2026-06-02 16:15:30
51job-00009,销售经理,成都云智数据有限公司,5-19K·13薪,成都,锦江区,不限,不限,电子商务,500-999人,天使轮,"销售,客户沟通,渠道拓展",负责客户开发、商务谈判和渠道拓展，制定销售策略并完成业绩指标，具备较强的客户沟通能力。,51job,https://51job.example.invalid/jobs/9,2026-03-27,2026-06-02 04:15:30
liepin-00010,销售经理,成都锦城软件有限公司,4-18K·14薪,成都,武侯区,1-3年,本科,教育培训,1000-9999人,天使轮,"销售,客户沟通,渠道拓展",负责客户开发、商务谈判和渠道拓展，制定销售策略并完成业绩指标，具备较强的客户沟通能力。,liepin,https://liepin.example.invalid/jobs/10,2026-03-28,2026-06-04 07:15:30
51job-00011,数据开发工程师,成都星河信息有限公司,12-28K,成都,天府新区,不限,本科,互联网,100-499人,C轮及以上,"SQL,Python,Spark,Hadoop,数据仓库",负责数据仓库建设和 ETL 流程开发，熟悉 Spark/Hive/Hadoop 生态，有海量数据处理经验优先。,51job,https://51job.example.invalid/jobs/11,2026-03-30,2026-06-02 14:15:30
boss-00012,Java 开发工程师,成都天府数据有限公司,8-22K·13薪,成都,高新区,1-3年,大专,智能制造,1000-9999人,天使轮,"Java,Spring Boot,MySQL,Redis,Linux",负责 Java 后端系统开发与维护，熟悉 Spring Boot、MySQL、Redis 和 Linux 环境部署，有分布式项目经验优先。,boss,https://boss.example.invalid/jobs/12,2026-04-23,2026-06-04 14:15:30
liepin-00013,数据分析师,成都宏图科技有限公司,6-16K,成都,金牛区,不限,硕士,智能制造,500-999人,未融资,"SQL,Python,Excel,Tableau,数据分析,数据可视化",负责业务数据分析、指标体系建设和数据看板搭建，熟练 SQL、Excel 和 Python，能独立完成分析报告。,liepin,https://liepin.example.invalid/jobs/13,2026-04-11,2026-06-02 19:15:30
lagou-00014,数据分析师,成都宏图信息有限公司,10-22K,成都,双流区,5-10年,不限,互联网,20-99人,未融资,"SQL,Python,Excel,Tableau,数据分析,数据可视化",负责业务数据分析、指标体系建设和数据看板搭建，熟练 SQL、Excel 和 Python，能独立完成分析报告。,lagou,https://lagou.example.invalid/jobs/14,2026-05-12,2026-06-03 12:15:30
lagou-00015,运维工程师,成都博思科技有限公司,10-22K·13薪,成都,双流区,3-5年,硕士,电子商务,1000-9999人,上市公司,"Linux,Docker,Kubernetes,Redis,MySQL",负责系统部署上线、监控告警和故障排查，熟悉 Linux、Docker 和 Kubernetes 容器编排。,lagou,https://lagou.example.invalid/jobs/15,2026-05-28,2026-06-04 02:15:30
lagou-00016,前端开发工程师,成都云智数据有限公司,8-21K,成都,高新区,不限,硕士,教育培训,100-499人,未融资,"JavaScript,TypeScript,React,Vue",负责 Web 前端开发，参与组件库建设和性能优化，熟悉 React/Vue 技术栈，有 TypeScript 项目经验。,lagou,https://lagou.example.invalid/jobs/16,2026-03-22,2026-06-02 02:15:30
lagou-00017,前端开发工程师,成都天府科技有限公司,7-18K·14薪,成都,双流区,不限,硕士,智能制造,500-999人,A轮,"JavaScript,TypeScript,React,Vue",负责 Web 前端开发，参与组件库建设和性能优化，熟悉 React/Vue 技术栈，有 TypeScript 项目经验。,lagou,https://lagou.example.invalid/jobs/17,2026-05-20,2026-06-01 23:15:30
lagou-00018,数据分析师,成都星河科技有限公司,8-21K·13薪,成都,成华区,不限,不限,教育培训,100-499人,C轮及以上,"SQL,Python,Excel,Tableau,数据分析,数据可视化",负责业务数据分析、指标体系建设和数据看板搭建，熟练 SQL、Excel 和 Python，能独立完成分析报告。,lagou,https://lagou.example.invalid/jobs/18,2026-04-07,2026-06-03 07:15:30
51job-00019,测试工程师,成都蓉创科技有限公司,5-15K·14薪,成都,成华区,3-5年,不限,软件服务,500-999人,未融资,"Python,SQL,Linux",负责接口测试、自动化测试用例编写和质量保障，熟悉 Python 脚本和 SQL 查询，有 CI/CD 集成经验优先。,51job,https://51job.example.invalid/jobs/19,2026-05-15,2026-06-02 15:15:30
lagou-00020,前端开发工程师,成都宏图数据有限公司,9-21K,成都,金牛区,不限,硕士,企业服务,500-999人,未融资,"JavaScript,TypeScript,React,Vue",负责 Web 前端开发，参与组件库建设和性能优化，熟悉 React/Vue 技术栈，有 TypeScript 项目经验。,lagou,https://lagou.example.invalid/jobs/20,2026-05-09,2026-06-03 14:15:30
liepin-00021,前端开发工程师,成都星河科技有限公司,9-19K,成都,双流区,不限,本科,教育培训,100-499人,B轮,"JavaScript,TypeScript,React,Vue",负责 Web 前端开发，参与组件库建设和性能优化，熟悉 React/Vue 技术栈，有 TypeScript 项目经验。,liepin,https://liepin.example.invalid/jobs/21,2026-03-25,2026-06-04 22:15:30
51job-00022,产品经理,成都星河数据有限公司,10-19K·14薪,成都,青羊区,5-10年,大专,软件服务,100-499人,天使轮,"需求分析,原型设计,项目管理,Figma",负责需求分析、产品规划和项目推进，熟悉原型设计工具和敏捷开发流程，具备跨团队沟通协调能力。,51job,https://51job.example.invalid/jobs/22,2026-03-09,2026-06-03 16:15:30
lagou-00023,前端开发工程师,成都博思科技有限公司,9-23K·13薪,成都,成华区,1-3年,大专,企业服务,1000-9999人,A轮,"JavaScript,TypeScript,React,Vue",负责 Web 前端开发，参与组件库建设和性能优化，熟悉 React/Vue 技术栈，有 TypeScript 项目经验。,lagou,https://lagou.example.invalid/jobs/23,2026-05-15,2026-06-04 10:15:30
liepin-00024,数据分析师,成都蓉创数据有限公司,6-18K·14薪,成都,金牛区,5-10年,本科,互联网,20-99人,A轮,"SQL,Python,Excel,Tableau,数据分析,数据可视化",负责业务数据分析、指标体系建设和数据看板搭建，熟练 SQL、Excel 和 Python，能独立完成分析报告。,liepin,https://liepin.example.invalid/jobs/24,2026-04-30,2026-06-04 15:15:30
liepin-00025,产品经理,成都星河软件有限公司,8-20K·14薪,成都,金牛区,1-3年,本科,互联网,1000-9999人,未融资,"需求分析,原型设计,项目管理,Figma",负责需求分析、产品规划和项目推进，熟悉原型设计工具和敏捷开发流程，具备跨团队沟通协调能力。,liepin,https://liepin.example.invalid/jobs/25,2026-04-25,2026-06-02 16:15:30
liepin-00026,算法工程师,成都鼎新科技有限公司,17-37K,成都,武侯区,3-5年,硕士,电子商务,1000-9999人,上市公司,"Python,机器学习,深度学习,C++",负责推荐/搜索/广告等算法模型开发与优化，熟悉主流深度学习框架，有实际业务落地经验。,liepin,https://liepin.example.invalid/jobs/26,2026-03-11,2026-06-03 05:15:30
liepin-00027,前端开发工程师,成都蓉创软件有限公司,8-23K·14薪,成都,锦江区,不限,本科,电子商务,100-499人,B轮,"JavaScript,TypeScript,React,Vue",负责 Web 前端开发，参与组件库建设和性能优化，熟悉 React/Vue 技术栈，有 TypeScript 项目经验。,liepin,https://liepin.example.invalid/jobs/27,2026-03-18,2026-06-01 23:15:30
liepin-00028,算法工程师,成都宏图信息有限公司,18-39K,成都,天府新区,3-5年,本科,互联网,100-499人,上市公司,"Python,机器学习,深度学习,C++",负责推荐/搜索/广告等算法模型开发与优化，熟悉主流深度学习框架，有实际业务落地经验。,liepin,https://liepin.example.invalid/jobs/28,2026-03-10,2026-06-03 20:15:30
boss-00029,数据分析师,成都宏图软件有限公司,7-15K·14薪,成都,青羊区,1-3年,硕士,金融科技,1000-9999人,天使轮,"SQL,Python,Excel,Tableau,数据分析,数据可视化",负责业务数据分析、指标体系建设和数据看板搭建，熟练 SQL、Excel 和 Python，能独立完成分析报告。,boss,https://boss.example.invalid/jobs/29,2026-04-05,2026-06-04 14:15:30
lagou-00030,Java 开发工程师,成都天府科技有限公司,11-22K·13薪,成都,天府新区,1-3年,硕士,智能制造,500-999人,B轮,"Java,Spring Boot,MySQL,Redis,Linux",负责 Java 后端系统开发与维护，熟悉 Spring Boot、MySQL、Redis 和 Linux 环境部署，有分布式项目经验优先。,lagou,https://lagou.example.invalid/jobs/30,2026-05-29,2026-06-02 00:15:30
lagou-00031,运维工程师,成都天府数据有限公司,11-22K·14薪,成都,天府新区,5-10年,大专,电子商务,1000-9999人,未融资,"Linux,Docker,Kubernetes,Redis,MySQL",负责系统部署上线、监控告警和故障排查，熟悉 Linux、Docker 和 Kubernetes 容器编排。,lagou,https://lagou.example.invalid/jobs/31,2026-04-08,2026-06-03 14:15:30
boss-00032,产品经理,成都博思信息有限公司,10-24K,成都,锦江区,不限,硕士,金融科技,500-999人,C轮及以上,"需求分析,原型设计,项目管理,Figma",负责需求分析、产品规划和项目推进，熟悉原型设计工具和敏捷开发流程，具备跨团队沟通协调能力。,boss,https://boss.example.invalid/jobs/32,2026-05-16,2026-06-03 18:15:30
liepin-00033,Python 后端工程师,成都宏图科技有限公司,11-27K,成都,高新区,3-5年,硕士,企业服务,1000-9999人,C轮及以上,"Python,FastAPI,PostgreSQL,Redis,Docker",负责业务后端服务开发，参与系统架构设计，使用 Python、FastAPI、PostgreSQL、Redis、Docker 构建稳定高效的微服务接口。,liepin,https://liepin.example.invalid/jobs/33,2026-03-23,2026-06-02 23:15:30
51job-00034,数据分析师,成都博思数据有限公司,9-18K·13薪,成都,双流区,1-3年,硕士,软件服务,20-99人,B轮,"SQL,Python,Excel,Tableau,数据分析,数据可视化",负责业务数据分析、指标体系建设和数据看板搭建，熟练 SQL、Excel 和 Python，能独立完成分析报告。,51job,https://51job.example.invalid/jobs/34,2026-04-03,2026-06-04 20:15:30
liepin-00035,算法工程师,成都云智数据有限公司,16-33K·13薪,成都,锦江区,3-5年,大专,金融科技,500-999人,A轮,"Python,机器学习,深度学习,C++",负责推荐/搜索/广告等算法模型开发与优化，熟悉主流深度学习框架，有实际业务落地经验。,liepin,https://liepin.example.invalid/jobs/35,2026-04-06,2026-06-04 00:15:30
liepin-00036,运维工程师,成都鼎新信息有限公司,9-16K,成都,高新区,不限,不限,软件服务,100-499人,未融资,"Linux,Docker,Kubernetes,Redis,MySQL",负责系统部署上线、监控告警和故障排查，熟悉 Linux、Docker 和 Kubernetes 容器编排。,liepin,https://liepin.example.invalid/jobs/36,2026-03-27,2026-06-04 17:15:30
boss-00037,数据分析师,成都鼎新信息有限公司,7-22K·14薪,成都,青羊区,不限,大专,电子商务,20-99人,C轮及以上,"SQL,Python,Excel,Tableau,数据分析,数据可视化",负责业务数据分析、指标体系建设和数据看板搭建，熟练 SQL、Excel 和 Python，能独立完成分析报告。,boss,https://boss.example.invalid/jobs/37,2026-04-06,2026-06-03 15:15:30
lagou-00038,销售经理,成都星河数据有限公司,7-23K·14薪,成都,武侯区,不限,不限,电子商务,1000-9999人,上市公司,"销售,客户沟通,渠道拓展",负责客户开发、商务谈判和渠道拓展，制定销售策略并完成业绩指标，具备较强的客户沟通能力。,lagou,https://lagou.example.invalid/jobs/38,2026-03-21,2026-06-03 16:15:30
liepin-00039,UI 设计师,成都鼎新软件有限公司,7-13K,成都,天府新区,5-10年,大专,智能制造,500-999人,C轮及以上,"Figma,Photoshop,原型设计",负责产品界面设计、设计规范制定和交互细节优化，熟悉 Figma 和 PS，对用户体验有较高追求。,liepin,https://liepin.example.invalid/jobs/39,2026-05-22,2026-06-02 16:15:30
51job-00040,电商运营,成都宏图信息有限公司,7-15K·13薪,成都,青羊区,5-10年,本科,互联网,1000-9999人,A轮,"电商运营,Excel,数据分析,用户增长",负责店铺运营、活动策划和数据复盘，具备天猫/京东等电商平台运营经验，善于数据驱动增长。,51job,https://51job.example.invalid/jobs/40,2026-05-24,2026-06-03 12:15:30
51job-00041,数据分析师,成都云智信息有限公司,8-19K,成都,成华区,1-3年,硕士,金融科技,100-499人,上市公司,"SQL,Python,Excel,Tableau,数据分析,数据可视化",负责业务数据分析、指标体系建设和数据看板搭建，熟练 SQL、Excel 和 Python，能独立完成分析报告。,51job,https://51job.example.invalid/jobs/41,2026-03-20,2026-06-03 12:15:30
51job-00042,电商运营,成都蓉创数据有限公司,4-12K·13薪,成都,青羊区,3-5年,硕士,智能制造,500-999人,A轮,"电商运营,Excel,数据分析,用户增长",负责店铺运营、活动策划和数据复盘，具备天猫/京东等电商平台运营经验，善于数据驱动增长。,51job,https://51job.example.invalid/jobs/42,2026-04-14,2026-06-03 16:15:30
boss-00043,产品经理,成都锦城信息有限公司,10-22K,成都,青羊区,5-10年,本科,智能制造,500-999人,未融资,"需求分析,原型设计,项目管理,Figma",负责需求分析、产品规划和项目推进，熟悉原型设计工具和敏捷开发流程，具备跨团队沟通协调能力。,boss,https://boss.example.invalid/jobs/43,2026-04-25,2026-06-04 08:15:30
51job-00044,数据分析师,成都蓉创科技有限公司,8-17K,成都,高新区,3-5年,大专,智能制造,1000-9999人,未融资,"SQL,Python,Excel,Tableau,数据分析,数据可视化",负责业务数据分析、指标体系建设和数据看板搭建，熟练 SQL、Excel 和 Python，能独立完成分析报告。,51job,https://51job.example.invalid/jobs/44,2026-03-28,2026-06-04 07:15:30
liepin-00045,产品经理,成都蓉创软件有限公司,11-26K,成都,金牛区,不限,硕士,金融科技,20-99人,C轮及以上,"需求分析,原型设计,项目管理,Figma",负责需求分析、产品规划和项目推进，熟悉原型设计工具和敏捷开发流程，具备跨团队沟通协调能力。,liepin,https://liepin.example.invalid/jobs/45,2026-05-12,2026-06-04 17:15:30
boss-00046,前端开发工程师,成都博思信息有限公司,11-21K·14薪,成都,青羊区,5-10年,硕士,金融科技,500-999人,C轮及以上,"JavaScript,TypeScript,React,Vue",负责 Web 前端开发，参与组件库建设和性能优化，熟悉 React/Vue 技术栈，有 TypeScript 项目经验。,boss,https://boss.example.invalid/jobs/46,2026-05-20,2026-06-02 00:15:30
boss-00047,销售经理,成都蓉创科技有限公司,8-17K,成都,青羊区,1-3年,大专,教育培训,20-99人,天使轮,"销售,客户沟通,渠道拓展",负责客户开发、商务谈判和渠道拓展，制定销售策略并完成业绩指标，具备较强的客户沟通能力。,boss,https://boss.example.invalid/jobs/47,2026-03-16,2026-06-03 20:15:30
51job-00048,电商运营,成都蓉创软件有限公司,8-18K,成都,高新区,1-3年,本科,企业服务,100-499人,B轮,"电商运营,Excel,数据分析,用户增长",负责店铺运营、活动策划和数据复盘，具备天猫/京东等电商平台运营经验，善于数据驱动增长。,51job,https://51job.example.invalid/jobs/48,2026-05-06,2026-06-03 11:15:30
lagou-00049,数据分析师,成都蓉创数据有限公司,7-19K·13薪,成都,武侯区,不限,硕士,智能制造,500-999人,上市公司,"SQL,Python,Excel,Tableau,数据分析,数据可视化",负责业务数据分析、指标体系建设和数据看板搭建，熟练 SQL、Excel 和 Python，能独立完成分析报告。,lagou,https://lagou.example.invalid/jobs/49,2026-05-28,2026-06-04 02:15:30
liepin-00050,UI 设计师,成都博思数据有限公司,9-20K·14薪,成都,武侯区,3-5年,不限,互联网,100-499人,上市公司,"Figma,Photoshop,原型设计",负责产品界面设计、设计规范制定和交互细节优化，熟悉 Figma 和 PS，对用户体验有较高追求。,liepin,https://liepin.example.invalid/jobs/50,2026-03-20,2026-06-04 18:15:30
lagou-00051,Python 后端工程师,成都蓉创信息有限公司,12-21K·14薪,成都,天府新区,5-10年,硕士,互联网,1000-9999人,A轮,"Python,FastAPI,PostgreSQL,Redis,Docker",负责业务后端服务开发，参与系统架构设计，使用 Python、FastAPI、PostgreSQL、Redis、Docker 构建稳定高效的微服务接口。,lagou,https://lagou.example.invalid/jobs/51,2026-03-30,2026-06-02 15:15:30
51job-00052,测试工程师,成都蓉创软件有限公司,5-14K·14薪,成都,双流区,不限,硕士,互联网,500-999人,A轮,"Python,SQL,Linux",负责接口测试、自动化测试用例编写和质量保障，熟悉 Python 脚本和 SQL 查询，有 CI/CD 集成经验优先。,51job,https://51job.example.invalid/jobs/52,2026-03-08,2026-06-02 08:15:30
liepin-00053,运维工程师,成都鼎新软件有限公司,11-15K·13薪,成都,双流区,不限,大专,电子商务,100-499人,A轮,"Linux,Docker,Kubernetes,Redis,MySQL",负责系统部署上线、监控告警和故障排查，熟悉 Linux、Docker 和 Kubernetes 容器编排。,liepin,https://liepin.example.invalid/jobs/53,2026-05-29,2026-06-03 23:15:30
lagou-00054,Java 开发工程师,成都博思科技有限公司,8-22K,成都,成华区,不限,硕士,互联网,100-499人,B轮,"Java,Spring Boot,MySQL,Redis,Linux",负责 Java 后端系统开发与维护，熟悉 Spring Boot、MySQL、Redis 和 Linux 环境部署，有分布式项目经验优先。,lagou,https://lagou.example.invalid/jobs/54,2026-03-26,2026-06-04 22:15:30
liepin-00055,数据开发工程师,成都锦城软件有限公司,12-28K,成都,天府新区,1-3年,不限,电子商务,1000-9999人,A轮,"SQL,Python,Spark,Hadoop,数据仓库",负责数据仓库建设和 ETL 流程开发，熟悉 Spark/Hive/Hadoop 生态，有海量数据处理经验优先。,liepin,https://liepin.example.invalid/jobs/55,2026-05-04,2026-06-02 13:15:30
liepin-00056,Python 后端工程师,成都宏图数据有限公司,12-25K,成都,锦江区,5-10年,硕士,电子商务,100-499人,上市公司,"Python,FastAPI,PostgreSQL,Redis,Docker",负责业务后端服务开发，参与系统架构设计，使用 Python、FastAPI、PostgreSQL、Redis、Docker 构建稳定高效的微服务接口。,liepin,https://liepin.example.invalid/jobs/56,2026-04-08,2026-06-02 03:15:30
boss-00057,运维工程师,成都博思信息有限公司,8-21K·13薪,成都,金牛区,不限,大专,教育培训,500-999人,未融资,"Linux,Docker,Kubernetes,Redis,MySQL",负责系统部署上线、监控告警和故障排查，熟悉 Linux、Docker 和 Kubernetes 容器编排。,boss,https://boss.example.invalid/jobs/57,2026-04-05,2026-06-02 23:15:30
lagou-00058,UI 设计师,成都星河软件有限公司,8-13K,成都,双流区,3-5年,硕士,智能制造,20-99人,A轮,"Figma,Photoshop,原型设计",负责产品界面设计、设计规范制定和交互细节优化，熟悉 Figma 和 PS，对用户体验有较高追求。,lagou,https://lagou.example.invalid/jobs/58,2026-03-13,2026-06-04 04:15:30
boss-00059,测试工程师,成都天府科技有限公司,8-12K·13薪,成都,青羊区,不限,不限,金融科技,100-499人,上市公司,"Python,SQL,Linux",负责接口测试、自动化测试用例编写和质量保障，熟悉 Python 脚本和 SQL 查询，有 CI/CD 集成经验优先。,boss,https://boss.example.invalid/jobs/59,2026-03-16,2026-06-03 11:15:30
51job-00060,Python 后端工程师,成都锦城信息有限公司,12-21K·14薪,成都,金牛区,5-10年,大专,软件服务,100-499人,未融资,"Python,FastAPI,PostgreSQL,Redis,Docker",负责业务后端服务开发，参与系统架构设计，使用 Python、FastAPI、PostgreSQL、Redis、Docker 构建稳定高效的微服务接口。,51job,https://51job.example.invalid/jobs/60,2026-04-18,2026-06-02 16:15:30
lagou-00061,销售经理,成都宏图数据有限公司,5-24K,成都,青羊区,5-10年,本科,智能制造,100-499人,未融资,"销售,客户沟通,渠道拓展",负责客户开发、商务谈判和渠道拓展，制定销售策略并完成业绩指标，具备较强的客户沟通能力。,lagou,https://lagou.example.invalid/jobs/61,2026-04-06,2026-06-03 15:15:30
51job-00062,销售经理,成都博思软件有限公司,6-23K,成都,天府新区,1-3年,硕士,教育培训,500-999人,C轮及以上,"销售,客户沟通,渠道拓展",负责客户开发、商务谈判和渠道拓展，制定销售策略并完成业绩指标，具备较强的客户沟通能力。,51job,https://51job.example.invalid/jobs/62,2026-04-27,2026-06-03 22:15:30
boss-00063,Python 后端工程师,成都蓉创信息有限公司,13-25K·14薪,成都,高新区,3-5年,大专,智能制造,100-499人,C轮及以上,"Python,FastAPI,PostgreSQL,Redis,Docker",负责业务后端服务开发，参与系统架构设计，使用 Python、FastAPI、PostgreSQL、Redis、Docker 构建稳定高效的微服务接口。,boss,https://boss.example.invalid/jobs/63,2026-03-19,2026-06-02 08:15:30
51job-00064,算法工程师,成都锦城科技有限公司,16-32K,成都,天府新区,3-5年,硕士,软件服务,100-499人,天使轮,"Python,机器学习,深度学习,C++",负责推荐/搜索/广告等算法模型开发与优化，熟悉主流深度学习框架，有实际业务落地经验。,51job,https://51job.example.invalid/jobs/64,2026-05-31,2026-06-03 01:15:30
lagou-00065,UI 设计师,成都鼎新科技有限公司,9-17K·13薪,成都,成华区,不限,大专,企业服务,100-499人,上市公司,"Figma,Photoshop,原型设计",负责产品界面设计、设计规范制定和交互细节优化，熟悉 Figma 和 PS，对用户体验有较高追求。,lagou,https://lagou.example.invalid/jobs/65,2026-04-04,2026-06-03 10:15:30
boss-00066,测试工程师,成都宏图数据有限公司,5-18K,成都,成华区,5-10年,本科,互联网,100-499人,B轮,"Python,SQL,Linux",负责接口测试、自动化测试用例编写和质量保障，熟悉 Python 脚本和 SQL 查询，有 CI/CD 集成经验优先。,boss,https://boss.example.invalid/jobs/66,2026-03-28,2026-06-04 08:15:30
boss-00067,UI 设计师,成都博思科技有限公司,7-16K,成都,天府新区,不限,不限,电子商务,1000-9999人,未融资,"Figma,Photoshop,原型设计",负责产品界面设计、设计规范制定和交互细节优化，熟悉 Figma 和 PS，对用户体验有较高追求。,boss,https://boss.example.invalid/jobs/67,2026-03-07,2026-06-03 09:15:30
liepin-00068,UI 设计师,成都博思信息有限公司,6-19K·13薪,成都,金牛区,不限,硕士,教育培训,1000-9999人,A轮,"Figma,Photoshop,原型设计",负责产品界面设计、设计规范制定和交互细节优化，熟悉 Figma 和 PS，对用户体验有较高追求。,liepin,https://liepin.example.invalid/jobs/68,2026-03-11,2026-06-02 02:15:30
lagou-00069,数据分析师,成都鼎新科技有限公司,9-22K·13薪,成都,金牛区,3-5年,大专,互联网,1000-9999人,未融资,"SQL,Python,Excel,Tableau,数据分析,数据可视化",负责业务数据分析、指标体系建设和数据看板搭建，熟练 SQL、Excel 和 Python，能独立完成分析报告。,lagou,https://lagou.example.invalid/jobs/69,2026-05-23,2026-06-03 00:15:30
lagou-00070,Python 后端工程师,成都星河信息有限公司,10-26K·14薪,成都,锦江区,1-3年,大专,电子商务,100-499人,C轮及以上,"Python,FastAPI,PostgreSQL,Redis,Docker",负责业务后端服务开发，参与系统架构设计，使用 Python、FastAPI、PostgreSQL、Redis、Docker 构建稳定高效的微服务接口。,lagou,https://lagou.example.invalid/jobs/70,2026-03-24,2026-06-03 21:15:30
lagou-00071,前端开发工程师,成都锦城科技有限公司,8-21K,成都,武侯区,1-3年,本科,互联网,100-499人,A轮,"JavaScript,TypeScript,React,Vue",负责 Web 前端开发，参与组件库建设和性能优化，熟悉 React/Vue 技术栈，有 TypeScript 项目经验。,lagou,https://lagou.example.invalid/jobs/71,2026-03-12,2026-06-04 20:15:30
boss-00072,数据开发工程师,成都星河软件有限公司,13-23K·14薪,成都,天府新区,1-3年,不限,智能制造,500-999人,B轮,"SQL,Python,Spark,Hadoop,数据仓库",负责数据仓库建设和 ETL 流程开发，熟悉 Spark/Hive/Hadoop 生态，有海量数据处理经验优先。,boss,https://boss.example.invalid/jobs/72,2026-04-08,2026-06-03 01:15:30
boss-00073,电商运营,成都星河数据有限公司,7-17K·14薪,成都,天府新区,1-3年,不限,软件服务,500-999人,C轮及以上,"电商运营,Excel,数据分析,用户增长",负责店铺运营、活动策划和数据复盘，具备天猫/京东等电商平台运营经验，善于数据驱动增长。,boss,https://boss.example.invalid/jobs/73,2026-04-09,2026-06-04 14:15:30
51job-00074,数据开发工程师,成都星河科技有限公司,12-28K·14薪,成都,天府新区,1-3年,硕士,金融科技,100-499人,B轮,"SQL,Python,Spark,Hadoop,数据仓库",负责数据仓库建设和 ETL 流程开发，熟悉 Spark/Hive/Hadoop 生态，有海量数据处理经验优先。,51job,https://51job.example.invalid/jobs/74,2026-04-01,2026-06-02 16:15:30
51job-00075,运维工程师,成都鼎新信息有限公司,10-16K·13薪,成都,双流区,不限,不限,企业服务,20-99人,未融资,"Linux,Docker,Kubernetes,Redis,MySQL",负责系统部署上线、监控告警和故障排查，熟悉 Linux、Docker 和 Kubernetes 容器编排。,51job,https://51job.example.invalid/jobs/75,2026-04-25,2026-06-03 15:15:30
boss-00076,数据开发工程师,成都博思数据有限公司,12-24K·13薪,成都,金牛区,不限,本科,教育培训,500-999人,A轮,"SQL,Python,Spark,Hadoop,数据仓库",负责数据仓库建设和 ETL 流程开发，熟悉 Spark/Hive/Hadoop 生态，有海量数据处理经验优先。,boss,https://boss.example.invalid/jobs/76,2026-03-11,2026-06-04 08:15:30
liepin-00077,UI 设计师,成都鼎新科技有限公司,6-15K,成都,青羊区,1-3年,硕士,企业服务,20-99人,C轮及以上,"Figma,Photoshop,原型设计",负责产品界面设计、设计规范制定和交互细节优化，熟悉 Figma 和 PS，对用户体验有较高追求。,liepin,https://liepin.example.invalid/jobs/77,2026-05-22,2026-06-03 03:15:30
51job-00078,前端开发工程师,成都锦城软件有限公司,9-21K,成都,金牛区,1-3年,不限,互联网,100-499人,B轮,"JavaScript,TypeScript,React,Vue",负责 Web 前端开发，参与组件库建设和性能优化，熟悉 React/Vue 技术栈，有 TypeScript 项目经验。,51job,https://51job.example.invalid/jobs/78,2026-06-04,2026-06-04 00:15:30
51job-00079,测试工程师,成都云智信息有限公司,6-17K,成都,金牛区,不限,不限,电子商务,1000-9999人,上市公司,"Python,SQL,Linux",负责接口测试、自动化测试用例编写和质量保障，熟悉 Python 脚本和 SQL 查询，有 CI/CD 集成经验优先。,51job,https://51job.example.invalid/jobs/79,2026-03-24,2026-06-04 13:15:30
51job-00080,销售经理,成都鼎新软件有限公司,7-23K,成都,青羊区,3-5年,硕士,教育培训,500-999人,未融资,"销售,客户沟通,渠道拓展",负责客户开发、商务谈判和渠道拓展，制定销售策略并完成业绩指标，具备较强的客户沟通能力。,51job,https://51job.example.invalid/jobs/80,2026-03-31,2026-06-04 09:15:30
lagou-00081,销售经理,成都蓉创数据有限公司,4-17K,成都,成华区,不限,不限,金融科技,1000-9999人,天使轮,"销售,客户沟通,渠道拓展",负责客户开发、商务谈判和渠道拓展，制定销售策略并完成业绩指标，具备较强的客户沟通能力。,lagou,https://lagou.example.invalid/jobs/81,2026-05-08,2026-06-04 06:15:30
boss-00082,UI 设计师,成都云智软件有限公司,6-18K,成都,双流区,3-5年,硕士,教育培训,1000-9999人,上市公司,"Figma,Photoshop,原型设计",负责产品界面设计、设计规范制定和交互细节优化，熟悉 Figma 和 PS，对用户体验有较高追求。,boss,https://boss.example.invalid/jobs/82,2026-05-30,2026-06-02 16:15:30
51job-00083,Java 开发工程师,成都鼎新科技有限公司,11-19K·13薪,成都,锦江区,不限,大专,金融科技,1000-9999人,C轮及以上,"Java,Spring Boot,MySQL,Redis,Linux",负责 Java 后端系统开发与维护，熟悉 Spring Boot、MySQL、Redis 和 Linux 环境部署，有分布式项目经验优先。,51job,https://51job.example.invalid/jobs/83,2026-03-17,2026-06-02 13:15:30
51job-00084,产品经理,成都星河信息有限公司,10-22K,成都,锦江区,3-5年,大专,软件服务,20-99人,天使轮,"需求分析,原型设计,项目管理,Figma",负责需求分析、产品规划和项目推进，熟悉原型设计工具和敏捷开发流程，具备跨团队沟通协调能力。,51job,https://51job.example.invalid/jobs/84,2026-05-26,2026-06-02 06:15:30
boss-00085,前端开发工程师,成都宏图软件有限公司,11-19K·14薪,成都,锦江区,3-5年,本科,软件服务,1000-9999人,未融资,"JavaScript,TypeScript,React,Vue",负责 Web 前端开发，参与组件库建设和性能优化，熟悉 React/Vue 技术栈，有 TypeScript 项目经验。,boss,https://boss.example.invalid/jobs/85,2026-03-16,2026-06-02 08:15:30
boss-00086,算法工程师,成都蓉创软件有限公司,18-36K·13薪,成都,金牛区,不限,不限,电子商务,500-999人,未融资,"Python,机器学习,深度学习,C++",负责推荐/搜索/广告等算法模型开发与优化，熟悉主流深度学习框架，有实际业务落地经验。,boss,https://boss.example.invalid/jobs/86,2026-04-01,2026-06-04 14:15:30
liepin-00087,销售经理,成都鼎新软件有限公司,8-23K·14薪,成都,高新区,1-3年,不限,金融科技,20-99人,A轮,"销售,客户沟通,渠道拓展",负责客户开发、商务谈判和渠道拓展，制定销售策略并完成业绩指标，具备较强的客户沟通能力。,liepin,https://liepin.example.invalid/jobs/87,2026-04-08,2026-06-03 23:15:30
lagou-00088,算法工程师,成都锦城数据有限公司,17-32K,成都,天府新区,3-5年,硕士,金融科技,500-999人,上市公司,"Python,机器学习,深度学习,C++",负责推荐/搜索/广告等算法模型开发与优化，熟悉主流深度学习框架，有实际业务落地经验。,lagou,https://lagou.example.invalid/jobs/88,2026-04-09,2026-06-02 04:15:30
51job-00089,算法工程师,成都蓉创数据有限公司,18-33K·14薪,成都,武侯区,1-3年,本科,互联网,100-499人,A轮,"Python,机器学习,深度学习,C++",负责推荐/搜索/广告等算法模型开发与优化，熟悉主流深度学习框架，有实际业务落地经验。,51job,https://51job.example.invalid/jobs/89,2026-03-25,2026-06-02 22:15:30
51job-00090,前端开发工程师,成都锦城科技有限公司,11-18K·13薪,成都,双流区,3-5年,不限,电子商务,500-999人,天使轮,"JavaScript,TypeScript,React,Vue",负责 Web 前端开发，参与组件库建设和性能优化，熟悉 React/Vue 技术栈，有 TypeScript 项目经验。,51job,https://51job.example.invalid/jobs/90,2026-03-14,2026-06-03 05:15:30
lagou-00091,电商运营,成都星河科技有限公司,5-14K,成都,锦江区,1-3年,硕士,软件服务,100-499人,天使轮,"电商运营,Excel,数据分析,用户增长",负责店铺运营、活动策划和数据复盘，具备天猫/京东等电商平台运营经验，善于数据驱动增长。,lagou,https://lagou.example.invalid/jobs/91,2026-05-26,2026-06-03 10:15:30
liepin-00092,数据开发工程师,成都宏图数据有限公司,13-22K·13薪,成都,金牛区,1-3年,大专,电子商务,1000-9999人,天使轮,"SQL,Python,Spark,Hadoop,数据仓库",负责数据仓库建设和 ETL 流程开发，熟悉 Spark/Hive/Hadoop 生态，有海量数据处理经验优先。,liepin,https://liepin.example.invalid/jobs/92,2026-03-10,2026-06-03 17:15:30
liepin-00093,电商运营,成都锦城数据有限公司,7-15K,成都,双流区,5-10年,本科,教育培训,20-99人,上市公司,"电商运营,Excel,数据分析,用户增长",负责店铺运营、活动策划和数据复盘，具备天猫/京东等电商平台运营经验，善于数据驱动增长。,liepin,https://liepin.example.invalid/jobs/93,2026-05-15,2026-06-03 22:15:30
51job-00094,产品经理,成都博思科技有限公司,8-21K,成都,天府新区,5-10年,本科,互联网,1000-9999人,未融资,"需求分析,原型设计,项目管理,Figma",负责需求分析、产品规划和项目推进，熟悉原型设计工具和敏捷开发流程，具备跨团队沟通协调能力。,51job,https://51job.example.invalid/jobs/94,2026-03-31,2026-06-04 05:15:30
boss-00095,测试工程师,成都鼎新科技有限公司,6-18K,成都,金牛区,1-3年,大专,互联网,500-999人,B轮,"Python,SQL,Linux",负责接口测试、自动化测试用例编写和质量保障，熟悉 Python 脚本和 SQL 查询，有 CI/CD 集成经验优先。,boss,https://boss.example.invalid/jobs/95,2026-05-07,2026-06-04 20:15:30
boss-00096,电商运营,成都锦城软件有限公司,8-11K,成都,高新区,3-5年,大专,电子商务,20-99人,未融资,"电商运营,Excel,数据分析,用户增长",负责店铺运营、活动策划和数据复盘，具备天猫/京东等电商平台运营经验，善于数据驱动增长。,boss,https://boss.example.invalid/jobs/96,2026-05-03,2026-06-03 20:15:30
boss-00097,算法工程师,成都云智信息有限公司,20-39K,成都,武侯区,3-5年,硕士,互联网,500-999人,天使轮,"Python,机器学习,深度学习,C++",负责推荐/搜索/广告等算法模型开发与优化，熟悉主流深度学习框架，有实际业务落地经验。,boss,https://boss.example.invalid/jobs/97,2026-04-02,2026-06-02 03:15:30
boss-00098,前端开发工程师,成都云智软件有限公司,7-22K,成都,高新区,3-5年,不限,电子商务,20-99人,A轮,"JavaScript,TypeScript,React,Vue",负责 Web 前端开发，参与组件库建设和性能优化，熟悉 React/Vue 技术栈，有 TypeScript 项目经验。,boss,https://boss.example.invalid/jobs/98,2026-04-16,2026-06-02 11:15:30
boss-00099,销售经理,成都锦城软件有限公司,6-19K·13薪,成都,金牛区,1-3年,大专,互联网,1000-9999人,未融资,"销售,客户沟通,渠道拓展",负责客户开发、商务谈判和渠道拓展，制定销售策略并完成业绩指标，具备较强的客户沟通能力。,boss,https://boss.example.invalid/jobs/99,2026-03-27,2026-06-03 04:15:30
51job-00100,Python 后端工程师,成都宏图数据有限公司,11-21K,成都,成华区,1-3年,本科,电子商务,20-99人,上市公司,"Python,FastAPI,PostgreSQL,Redis,Docker",负责业务后端服务开发，参与系统架构设计，使用 Python、FastAPI、PostgreSQL、Redis、Docker 构建稳定高效的微服务接口。,51job,https://51job.example.invalid/jobs/100,2026-03-31,2026-06-02 21:15:30
liepin-00101,Java 开发工程师,成都锦城软件有限公司,10-25K·13薪,成都,天府新区,3-5年,本科,企业服务,20-99人,上市公司,"Java,Spring Boot,MySQL,Redis,Linux",负责 Java 后端系统开发与维护，熟悉 Spring Boot、MySQL、Redis 和 Linux 环境部署，有分布式项目经验优先。,liepin,https://liepin.example.invalid/jobs/101,2026-04-16,2026-06-03 04:15:30
51job-00102,运维工程师,成都鼎新数据有限公司,11-17K,成都,金牛区,5-10年,硕士,软件服务,1000-9999人,A轮,"Linux,Docker,Kubernetes,Redis,MySQL",负责系统部署上线、监控告警和故障排查，熟悉 Linux、Docker 和 Kubernetes 容器编排。,51job,https://51job.example.invalid/jobs/102,2026-05-22,2026-06-04 13:15:30
51job-00103,数据开发工程师,成都鼎新信息有限公司,12-28K,成都,高新区,1-3年,硕士,互联网,100-499人,未融资,"SQL,Python,Spark,Hadoop,数据仓库",负责数据仓库建设和 ETL 流程开发，熟悉 Spark/Hive/Hadoop 生态，有海量数据处理经验优先。,51job,https://51job.example.invalid/jobs/103,2026-05-26,2026-06-02 20:15:30
lagou-00104,测试工程师,成都宏图科技有限公司,8-12K·14薪,成都,天府新区,1-3年,本科,金融科技,500-999人,上市公司,"Python,SQL,Linux",负责接口测试、自动化测试用例编写和质量保障，熟悉 Python 脚本和 SQL 查询，有 CI/CD 集成经验优先。,lagou,https://lagou.example.invalid/jobs/104,2026-04-18,2026-06-03 00:15:30
liepin-00105,Java 开发工程师,成都蓉创数据有限公司,8-21K·13薪,成都,双流区,1-3年,本科,智能制造,1000-9999人,天使轮,"Java,Spring Boot,MySQL,Redis,Linux",负责 Java 后端系统开发与维护，熟悉 Spring Boot、MySQL、Redis 和 Linux 环境部署，有分布式项目经验优先。,liepin,https://liepin.example.invalid/jobs/105,2026-03-25,2026-06-04 08:15:30
liepin-00106,Java 开发工程师,成都鼎新科技有限公司,11-21K·14薪,成都,武侯区,3-5年,本科,企业服务,100-499人,上市公司,"Java,Spring Boot,MySQL,Redis,Linux",负责 Java 后端系统开发与维护，熟悉 Spring Boot、MySQL、Redis 和 Linux 环境部署，有分布式项目经验优先。,liepin,https://liepin.example.invalid/jobs/106,2026-03-09,2026-06-03 07:15:30
lagou-00107,UI 设计师,成都云智数据有限公司,6-14K·14薪,成都,锦江区,3-5年,硕士,企业服务,100-499人,C轮及以上,"Figma,Photoshop,原型设计",负责产品界面设计、设计规范制定和交互细节优化，熟悉 Figma 和 PS，对用户体验有较高追求。,lagou,https://lagou.example.invalid/jobs/107,2026-05-05,2026-06-02 08:15:30
liepin-00108,产品经理,成都锦城数据有限公司,11-26K,成都,双流区,5-10年,硕士,智能制造,500-999人,天使轮,"需求分析,原型设计,项目管理,Figma",负责需求分析、产品规划和项目推进，熟悉原型设计工具和敏捷开发流程，具备跨团队沟通协调能力。,liepin,https://liepin.example.invalid/jobs/108,2026-03-23,2026-06-04 14:15:30
boss-00109,前端开发工程师,成都蓉创信息有限公司,8-23K,成都,武侯区,3-5年,大专,电子商务,500-999人,未融资,"JavaScript,TypeScript,React,Vue",负责 Web 前端开发，参与组件库建设和性能优化，熟悉 React/Vue 技术栈，有 TypeScript 项目经验。,boss,https://boss.example.invalid/jobs/109,2026-03-30,2026-06-04 04:15:30
lagou-00110,算法工程师,成都星河信息有限公司,20-36K·14薪,成都,成华区,1-3年,大专,智能制造,500-999人,C轮及以上,"Python,机器学习,深度学习,C++",负责推荐/搜索/广告等算法模型开发与优化，熟悉主流深度学习框架，有实际业务落地经验。,lagou,https://lagou.example.invalid/jobs/110,2026-03-18,2026-06-02 03:15:30
lagou-00111,Java 开发工程师,成都宏图数据有限公司,8-23K,成都,双流区,5-10年,大专,企业服务,1000-9999人,A轮,"Java,Spring Boot,MySQL,Redis,Linux",负责 Java 后端系统开发与维护，熟悉 Spring Boot、MySQL、Redis 和 Linux 环境部署，有分布式项目经验优先。,lagou,https://lagou.example.invalid/jobs/111,2026-03-17,2026-06-04 20:15:30
liepin-00112,数据开发工程师,成都天府数据有限公司,10-24K·14薪,成都,双流区,1-3年,本科,企业服务,500-999人,上市公司,"SQL,Python,Spark,Hadoop,数据仓库",负责数据仓库建设和 ETL 流程开发，熟悉 Spark/Hive/Hadoop 生态，有海量数据处理经验优先。,liepin,https://liepin.example.invalid/jobs/112,2026-04-04,2026-06-02 12:15:30
51job-00113,前端开发工程师,成都蓉创软件有限公司,9-18K,成都,青羊区,1-3年,不限,互联网,500-999人,B轮,"JavaScript,TypeScript,React,Vue",负责 Web 前端开发，参与组件库建设和性能优化，熟悉 React/Vue 技术栈，有 TypeScript 项目经验。,51job,https://51job.example.invalid/jobs/113,2026-04-06,2026-06-04 08:15:30
51job-00114,数据分析师,成都宏图软件有限公司,7-20K,成都,青羊区,5-10年,不限,互联网,1000-9999人,C轮及以上,"SQL,Python,Excel,Tableau,数据分析,数据可视化",负责业务数据分析、指标体系建设和数据看板搭建，熟练 SQL、Excel 和 Python，能独立完成分析报告。,51job,https://51job.example.invalid/jobs/114,2026-05-15,2026-06-02 08:15:30
boss-00115,数据分析师,成都宏图数据有限公司,10-20K·14薪,成都,高新区,不限,不限,金融科技,100-499人,A轮,"SQL,Python,Excel,Tableau,数据分析,数据可视化",负责业务数据分析、指标体系建设和数据看板搭建，熟练 SQL、Excel 和 Python，能独立完成分析报告。,boss,https://boss.example.invalid/jobs/115,2026-04-29,2026-06-02 08:15:30
boss-00116,测试工程师,成都蓉创科技有限公司,5-18K·13薪,成都,青羊区,5-10年,本科,企业服务,20-99人,天使轮,"Python,SQL,Linux",负责接口测试、自动化测试用例编写和质量保障，熟悉 Python 脚本和 SQL 查询，有 CI/CD 集成经验优先。,boss,https://boss.example.invalid/jobs/116,2026-04-19,2026-06-02 01:15:30
lagou-00117,测试工程师,成都博思科技有限公司,7-17K,成都,青羊区,不限,大专,智能制造,500-999人,B轮,"Python,SQL,Linux",负责接口测试、自动化测试用例编写和质量保障，熟悉 Python 脚本和 SQL 查询，有 CI/CD 集成经验优先。,lagou,https://lagou.example.invalid/jobs/117,2026-03-19,2026-06-02 06:15:30
51job-00118,前端开发工程师,成都蓉创数据有限公司,11-19K·14薪,成都,金牛区,5-10年,本科,金融科技,20-99人,A轮,"JavaScript,TypeScript,React,Vue",负责 Web 前端开发，参与组件库建设和性能优化，熟悉 React/Vue 技术栈，有 TypeScript 项目经验。,51job,https://51job.example.invalid/jobs/118,2026-05-15,2026-06-02 21:15:30
boss-00119,运维工程师,成都云智软件有限公司,11-19K,成都,天府新区,5-10年,大专,企业服务,100-499人,未融资,"Linux,Docker,Kubernetes,Redis,MySQL",负责系统部署上线、监控告警和故障排查，熟悉 Linux、Docker 和 Kubernetes 容器编排。,boss,https://boss.example.invalid/jobs/119,2026-05-02,2026-06-03 18:15:30
51job-00120,数据分析师,成都天府软件有限公司,6-22K·14薪,成都,双流区,5-10年,不限,智能制造,100-499人,C轮及以上,"SQL,Python,Excel,Tableau,数据分析,数据可视化",负责业务数据分析、指标体系建设和数据看板搭建，熟练 SQL、Excel 和 Python，能独立完成分析报告。,51job,https://51job.example.invalid/jobs/120,2026-05-16,2026-06-02 19:15:30
51job-00121,测试工程师,成都鼎新数据有限公司,8-18K,成都,锦江区,5-10年,大专,软件服务,500-999人,C轮及以上,"Python,SQL,Linux",负责接口测试、自动化测试用例编写和质量保障，熟悉 Python 脚本和 SQL 查询，有 CI/CD 集成经验优先。,51job,https://51job.example.invalid/jobs/121,2026-04-07,2026-06-02 03:15:30
liepin-00122,产品经理,成都蓉创数据有限公司,10-22K,成都,金牛区,5-10年,硕士,企业服务,500-999人,天使轮,"需求分析,原型设计,项目管理,Figma",负责需求分析、产品规划和项目推进，熟悉原型设计工具和敏捷开发流程，具备跨团队沟通协调能力。,liepin,https://liepin.example.invalid/jobs/122,2026-04-04,2026-06-03 03:15:30
liepin-00123,产品经理,成都天府数据有限公司,8-24K·14薪,成都,成华区,3-5年,大专,互联网,100-499人,天使轮,"需求分析,原型设计,项目管理,Figma",负责需求分析、产品规划和项目推进，熟悉原型设计工具和敏捷开发流程，具备跨团队沟通协调能力。,liepin,https://liepin.example.invalid/jobs/123,2026-04-04,2026-06-03 20:15:30
boss-00124,数据分析师,成都星河信息有限公司,7-15K,成都,双流区,1-3年,硕士,智能制造,1000-9999人,B轮,"SQL,Python,Excel,Tableau,数据分析,数据可视化",负责业务数据分析、指标体系建设和数据看板搭建，熟练 SQL、Excel 和 Python，能独立完成分析报告。,boss,https://boss.example.invalid/jobs/124,2026-04-23,2026-06-02 11:15:30
boss-00125,测试工程师,成都锦城软件有限公司,7-12K,成都,青羊区,不限,硕士,企业服务,1000-9999人,天使轮,"Python,SQL,Linux",负责接口测试、自动化测试用例编写和质量保障，熟悉 Python 脚本和 SQL 查询，有 CI/CD 集成经验优先。,boss,https://boss.example.invalid/jobs/125,2026-03-28,2026-06-04 19:15:30
51job-00126,Python 后端工程师,成都宏图信息有限公司,12-22K·14薪,成都,成华区,5-10年,本科,软件服务,20-99人,A轮,"Python,FastAPI,PostgreSQL,Redis,Docker",负责业务后端服务开发，参与系统架构设计，使用 Python、FastAPI、PostgreSQL、Redis、Docker 构建稳定高效的微服务接口。,51job,https://51job.example.invalid/jobs/126,2026-04-07,2026-06-02 02:15:30
boss-00127,算法工程师,成都天府信息有限公司,18-34K·14薪,成都,金牛区,5-10年,硕士,教育培训,500-999人,未融资,"Python,机器学习,深度学习,C++",负责推荐/搜索/广告等算法模型开发与优化，熟悉主流深度学习框架，有实际业务落地经验。,boss,https://boss.example.invalid/jobs/127,2026-04-28,2026-06-01 23:15:30
51job-00128,前端开发工程师,成都博思信息有限公司,8-24K·13薪,成都,青羊区,3-5年,本科,电子商务,20-99人,A轮,"JavaScript,TypeScript,React,Vue",负责 Web 前端开发，参与组件库建设和性能优化，熟悉 React/Vue 技术栈，有 TypeScript 项目经验。,51job,https://51job.example.invalid/jobs/128,2026-06-04,2026-06-03 14:15:30
51job-00129,Python 后端工程师,成都蓉创科技有限公司,10-28K,成都,锦江区,3-5年,大专,软件服务,100-499人,B轮,"Python,FastAPI,PostgreSQL,Redis,Docker",负责业务后端服务开发，参与系统架构设计，使用 Python、FastAPI、PostgreSQL、Redis、Docker 构建稳定高效的微服务接口。,51job,https://51job.example.invalid/jobs/129,2026-04-14,2026-06-02 07:15:30
liepin-00130,数据开发工程师,成都天府科技有限公司,14-27K·14薪,成都,天府新区,5-10年,本科,互联网,20-99人,未融资,"SQL,Python,Spark,Hadoop,数据仓库",负责数据仓库建设和 ETL 流程开发，熟悉 Spark/Hive/Hadoop 生态，有海量数据处理经验优先。,liepin,https://liepin.example.invalid/jobs/130,2026-03-28,2026-06-03 20:15:30
lagou-00131,数据分析师,成都星河信息有限公司,10-17K·14薪,成都,金牛区,5-10年,不限,教育培训,1000-9999人,未融资,"SQL,Python,Excel,Tableau,数据分析,数据可视化",负责业务数据分析、指标体系建设和数据看板搭建，熟练 SQL、Excel 和 Python，能独立完成分析报告。,lagou,https://lagou.example.invalid/jobs/131,2026-03-30,2026-06-02 15:15:30
boss-00132,UI 设计师,成都云智软件有限公司,8-20K,成都,天府新区,不限,大专,教育培训,20-99人,未融资,"Figma,Photoshop,原型设计",负责产品界面设计、设计规范制定和交互细节优化，熟悉 Figma 和 PS，对用户体验有较高追求。,boss,https://boss.example.invalid/jobs/132,2026-03-10,2026-06-03 08:15:30
boss-00133,数据开发工程师,成都博思信息有限公司,10-22K,成都,天府新区,5-10年,本科,金融科技,1000-9999人,B轮,"SQL,Python,Spark,Hadoop,数据仓库",负责数据仓库建设和 ETL 流程开发，熟悉 Spark/Hive/Hadoop 生态，有海量数据处理经验优先。,boss,https://boss.example.invalid/jobs/133,2026-05-31,2026-06-03 11:15:30
51job-00134,算法工程师,成都博思信息有限公司,20-34K,成都,武侯区,不限,不限,电子商务,1000-9999人,上市公司,"Python,机器学习,深度学习,C++",负责推荐/搜索/广告等算法模型开发与优化，熟悉主流深度学习框架，有实际业务落地经验。,51job,https://51job.example.invalid/jobs/134,2026-05-13,2026-06-02 03:15:30
lagou-00135,UI 设计师,成都蓉创信息有限公司,8-16K,成都,天府新区,不限,硕士,教育培训,20-99人,天使轮,"Figma,Photoshop,原型设计",负责产品界面设计、设计规范制定和交互细节优化，熟悉 Figma 和 PS，对用户体验有较高追求。,lagou,https://lagou.example.invalid/jobs/135,2026-04-21,2026-06-04 04:15:30
liepin-00136,Java 开发工程师,成都博思软件有限公司,12-19K,成都,高新区,1-3年,不限,软件服务,500-999人,天使轮,"Java,Spring Boot,MySQL,Redis,Linux",负责 Java 后端系统开发与维护，熟悉 Spring Boot、MySQL、Redis 和 Linux 环境部署，有分布式项目经验优先。,liepin,https://liepin.example.invalid/jobs/136,2026-05-04,2026-06-04 18:15:30
lagou-00137,销售经理,成都天府软件有限公司,8-22K,成都,成华区,3-5年,不限,教育培训,100-499人,上市公司,"销售,客户沟通,渠道拓展",负责客户开发、商务谈判和渠道拓展，制定销售策略并完成业绩指标，具备较强的客户沟通能力。,lagou,https://lagou.example.invalid/jobs/137,2026-05-17,2026-06-02 05:15:30
liepin-00138,电商运营,成都博思信息有限公司,4-16K,成都,金牛区,5-10年,大专,企业服务,1000-9999人,天使轮,"电商运营,Excel,数据分析,用户增长",负责店铺运营、活动策划和数据复盘，具备天猫/京东等电商平台运营经验，善于数据驱动增长。,liepin,https://liepin.example.invalid/jobs/138,2026-03-07,2026-06-02 18:15:30
boss-00139,数据开发工程师,成都锦城软件有限公司,11-29K,成都,双流区,3-5年,大专,电子商务,20-99人,B轮,"SQL,Python,Spark,Hadoop,数据仓库",负责数据仓库建设和 ETL 流程开发，熟悉 Spark/Hive/Hadoop 生态，有海量数据处理经验优先。,boss,https://boss.example.invalid/jobs/139,2026-04-12,2026-06-02 00:15:30
51job-00140,UI 设计师,成都星河信息有限公司,6-13K·14薪,成都,双流区,1-3年,硕士,软件服务,500-999人,A轮,"Figma,Photoshop,原型设计",负责产品界面设计、设计规范制定和交互细节优化，熟悉 Figma 和 PS，对用户体验有较高追求。,51job,https://51job.example.invalid/jobs/140,2026-03-10,2026-06-04 18:15:30
lagou-00141,数据分析师,成都鼎新数据有限公司,6-22K·13薪,成都,青羊区,5-10年,本科,电子商务,500-999人,A轮,"SQL,Python,Excel,Tableau,数据分析,数据可视化",负责业务数据分析、指标体系建设和数据看板搭建，熟练 SQL、Excel 和 Python，能独立完成分析报告。,lagou,https://lagou.example.invalid/jobs/141,2026-04-15,2026-06-03 17:15:30
51job-00142,电商运营,成都博思科技有限公司,4-18K·14薪,成都,青羊区,1-3年,大专,互联网,500-999人,C轮及以上,"电商运营,Excel,数据分析,用户增长",负责店铺运营、活动策划和数据复盘，具备天猫/京东等电商平台运营经验，善于数据驱动增长。,51job,https://51job.example.invalid/jobs/142,2026-04-18,2026-06-03 07:15:30
lagou-00143,数据开发工程师,成都博思信息有限公司,13-26K·13薪,成都,青羊区,3-5年,本科,企业服务,1000-9999人,上市公司,"SQL,Python,Spark,Hadoop,数据仓库",负责数据仓库建设和 ETL 流程开发，熟悉 Spark/Hive/Hadoop 生态，有海量数据处理经验优先。,lagou,https://lagou.example.invalid/jobs/143,2026-04-23,2026-06-03 18:15:30
lagou-00144,前端开发工程师,成都云智科技有限公司,9-19K,成都,天府新区,不限,不限,金融科技,100-499人,上市公司,"JavaScript,TypeScript,React,Vue",负责 Web 前端开发，参与组件库建设和性能优化，熟悉 React/Vue 技术栈，有 TypeScript 项目经验。,lagou,https://lagou.example.invalid/jobs/144,2026-05-12,2026-06-02 02:15:30
lagou-00145,数据开发工程师,成都宏图软件有限公司,11-22K,成都,天府新区,不限,硕士,互联网,20-99人,C轮及以上,"SQL,Python,Spark,Hadoop,数据仓库",负责数据仓库建设和 ETL 流程开发，熟悉 Spark/Hive/Hadoop 生态，有海量数据处理经验优先。,lagou,https://lagou.example.invalid/jobs/145,2026-04-18,2026-06-04 16:15:30
lagou-00146,产品经理,成都锦城信息有限公司,8-25K,成都,武侯区,3-5年,本科,电子商务,1000-9999人,未融资,"需求分析,原型设计,项目管理,Figma",负责需求分析、产品规划和项目推进，熟悉原型设计工具和敏捷开发流程，具备跨团队沟通协调能力。,lagou,https://lagou.example.invalid/jobs/146,2026-05-23,2026-06-02 04:15:30
lagou-00147,电商运营,成都云智科技有限公司,8-14K·13薪,成都,成华区,5-10年,硕士,教育培训,1000-9999人,未融资,"电商运营,Excel,数据分析,用户增长",负责店铺运营、活动策划和数据复盘，具备天猫/京东等电商平台运营经验，善于数据驱动增长。,lagou,https://lagou.example.invalid/jobs/147,2026-03-09,2026-06-04 13:15:30
51job-00148,Java 开发工程师,成都天府信息有限公司,11-25K·14薪,成都,武侯区,5-10年,本科,互联网,20-99人,上市公司,"Java,Spring Boot,MySQL,Redis,Linux",负责 Java 后端系统开发与维护，熟悉 Spring Boot、MySQL、Redis 和 Linux 环境部署，有分布式项目经验优先。,51job,https://51job.example.invalid/jobs/148,2026-03-29,2026-06-04 18:15:30
51job-00149,销售经理,成都博思科技有限公司,4-19K,成都,高新区,1-3年,大专,教育培训,1000-9999人,上市公司,"销售,客户沟通,渠道拓展",负责客户开发、商务谈判和渠道拓展，制定销售策略并完成业绩指标，具备较强的客户沟通能力。,51job,https://51job.example.invalid/jobs/149,2026-05-09,2026-06-04 05:15:30
51job-00150,运维工程师,成都天府科技有限公司,8-16K,成都,高新区,5-10年,本科,互联网,500-999人,B轮,"Linux,Docker,Kubernetes,Redis,MySQL",负责系统部署上线、监控告警和故障排查，熟悉 Linux、Docker 和 Kubernetes 容器编排。,51job,https://51job.example.invalid/jobs/150,2026-05-23,2026-06-02 16:15:30
liepin-00151,测试工程师,成都星河数据有限公司,9-18K,成都,锦江区,不限,不限,电子商务,100-499人,B轮,"Python,SQL,Linux",负责接口测试、自动化测试用例编写和质量保障，熟悉 Python 脚本和 SQL 查询，有 CI/CD 集成经验优先。,liepin,https://liepin.example.invalid/jobs/151,2026-03-09,2026-06-02 23:15:30
boss-00152,测试工程师,成都鼎新数据有限公司,7-13K,成都,高新区,1-3年,不限,软件服务,1000-9999人,B轮,"Python,SQL,Linux",负责接口测试、自动化测试用例编写和质量保障，熟悉 Python 脚本和 SQL 查询，有 CI/CD 集成经验优先。,boss,https://boss.example.invalid/jobs/152,2026-04-26,2026-06-02 15:15:30
boss-00153,UI 设计师,成都星河数据有限公司,8-14K·13薪,成都,武侯区,不限,本科,金融科技,1000-9999人,未融资,"Figma,Photoshop,原型设计",负责产品界面设计、设计规范制定和交互细节优化，熟悉 Figma 和 PS，对用户体验有较高追求。,boss,https://boss.example.invalid/jobs/153,2026-04-20,2026-06-02 01:15:30
liepin-00154,销售经理,成都蓉创数据有限公司,8-19K·13薪,成都,锦江区,1-3年,不限,软件服务,1000-9999人,A轮,"销售,客户沟通,渠道拓展",负责客户开发、商务谈判和渠道拓展，制定销售策略并完成业绩指标，具备较强的客户沟通能力。,liepin,https://liepin.example.invalid/jobs/154,2026-05-18,2026-06-03 13:15:30
51job-00155,电商运营,成都天府软件有限公司,4-16K,成都,青羊区,1-3年,本科,互联网,1000-9999人,A轮,"电商运营,Excel,数据分析,用户增长",负责店铺运营、活动策划和数据复盘，具备天猫/京东等电商平台运营经验，善于数据驱动增长。,51job,https://51job.example.invalid/jobs/155,2026-03-16,2026-06-02 08:15:30
liepin-00156,测试工程师,成都天府软件有限公司,8-17K,成都,锦江区,1-3年,硕士,电子商务,500-999人,上市公司,"Python,SQL,Linux",负责接口测试、自动化测试用例编写和质量保障，熟悉 Python 脚本和 SQL 查询，有 CI/CD 集成经验优先。,liepin,https://liepin.example.invalid/jobs/156,2026-04-27,2026-06-03 06:15:30
51job-00157,数据分析师,成都天府信息有限公司,8-21K·14薪,成都,双流区,不限,硕士,智能制造,100-499人,B轮,"SQL,Python,Excel,Tableau,数据分析,数据可视化",负责业务数据分析、指标体系建设和数据看板搭建，熟练 SQL、Excel 和 Python，能独立完成分析报告。,51job,https://51job.example.invalid/jobs/157,2026-04-19,2026-06-04 09:15:30
51job-00158,运维工程师,成都博思软件有限公司,10-17K,成都,青羊区,5-10年,硕士,教育培训,1000-9999人,C轮及以上,"Linux,Docker,Kubernetes,Redis,MySQL",负责系统部署上线、监控告警和故障排查，熟悉 Linux、Docker 和 Kubernetes 容器编排。,51job,https://51job.example.invalid/jobs/158,2026-05-03,2026-06-04 04:15:30
boss-00159,UI 设计师,成都锦城科技有限公司,5-18K·14薪,成都,武侯区,5-10年,本科,企业服务,1000-9999人,未融资,"Figma,Photoshop,原型设计",负责产品界面设计、设计规范制定和交互细节优化，熟悉 Figma 和 PS，对用户体验有较高追求。,boss,https://boss.example.invalid/jobs/159,2026-05-04,2026-06-03 02:15:30
liepin-00160,产品经理,成都锦城数据有限公司,9-22K,成都,金牛区,5-10年,不限,电子商务,1000-9999人,未融资,"需求分析,原型设计,项目管理,Figma",负责需求分析、产品规划和项目推进，熟悉原型设计工具和敏捷开发流程，具备跨团队沟通协调能力。,liepin,https://liepin.example.invalid/jobs/160,2026-04-15,2026-06-02 12:15:30
liepin-00161,测试工程师,成都鼎新软件有限公司,7-17K,成都,青羊区,5-10年,硕士,电子商务,20-99人,A轮,"Python,SQL,Linux",负责接口测试、自动化测试用例编写和质量保障，熟悉 Python 脚本和 SQL 查询，有 CI/CD 集成经验优先。,liepin,https://liepin.example.invalid/jobs/161,2026-03-30,2026-06-02 10:15:30
lagou-00162,Python 后端工程师,成都锦城数据有限公司,12-22K·14薪,成都,青羊区,5-10年,硕士,软件服务,1000-9999人,上市公司,"Python,FastAPI,PostgreSQL,Redis,Docker",负责业务后端服务开发，参与系统架构设计，使用 Python、FastAPI、PostgreSQL、Redis、Docker 构建稳定高效的微服务接口。,lagou,https://lagou.example.invalid/jobs/162,2026-03-30,2026-06-04 01:15:30
boss-00163,算法工程师,成都博思科技有限公司,19-38K,成都,青羊区,1-3年,本科,企业服务,20-99人,C轮及以上,"Python,机器学习,深度学习,C++",负责推荐/搜索/广告等算法模型开发与优化，熟悉主流深度学习框架，有实际业务落地经验。,boss,https://boss.example.invalid/jobs/163,2026-04-08,2026-06-02 17:15:30
lagou-00164,前端开发工程师,成都宏图数据有限公司,9-22K·14薪,成都,天府新区,5-10年,硕士,教育培训,20-99人,A轮,"JavaScript,TypeScript,React,Vue",负责 Web 前端开发，参与组件库建设和性能优化，熟悉 React/Vue 技术栈，有 TypeScript 项目经验。,lagou,https://lagou.example.invalid/jobs/164,2026-05-21,2026-06-03 14:15:30
boss-00165,销售经理,成都天府数据有限公司,5-21K,成都,锦江区,1-3年,本科,智能制造,100-499人,C轮及以上,"销售,客户沟通,渠道拓展",负责客户开发、商务谈判和渠道拓展，制定销售策略并完成业绩指标，具备较强的客户沟通能力。,boss,https://boss.example.invalid/jobs/165,2026-04-25,2026-06-04 08:15:30
liepin-00166,销售经理,成都锦城信息有限公司,5-23K·13薪,成都,锦江区,3-5年,大专,软件服务,500-999人,B轮,"销售,客户沟通,渠道拓展",负责客户开发、商务谈判和渠道拓展，制定销售策略并完成业绩指标，具备较强的客户沟通能力。,liepin,https://liepin.example.invalid/jobs/166,2026-04-03,2026-06-02 03:15:30
lagou-00167,测试工程师,成都宏图软件有限公司,5-19K·13薪,成都,青羊区,5-10年,硕士,金融科技,100-499人,未融资,"Python,SQL,Linux",负责接口测试、自动化测试用例编写和质量保障，熟悉 Python 脚本和 SQL 查询，有 CI/CD 集成经验优先。,lagou,https://lagou.example.invalid/jobs/167,2026-04-16,2026-06-02 00:15:30
51job-00168,数据分析师,成都锦城软件有限公司,8-15K·14薪,成都,青羊区,5-10年,不限,教育培训,20-99人,A轮,"SQL,Python,Excel,Tableau,数据分析,数据可视化",负责业务数据分析、指标体系建设和数据看板搭建，熟练 SQL、Excel 和 Python，能独立完成分析报告。,51job,https://51job.example.invalid/jobs/168,2026-03-28,2026-06-03 11:15:30
lagou-00169,UI 设计师,成都蓉创科技有限公司,5-20K·13薪,成都,双流区,3-5年,本科,企业服务,20-99人,B轮,"Figma,Photoshop,原型设计",负责产品界面设计、设计规范制定和交互细节优化，熟悉 Figma 和 PS，对用户体验有较高追求。,lagou,https://lagou.example.invalid/jobs/169,2026-05-22,2026-06-03 16:15:30
liepin-00170,数据分析师,成都天府信息有限公司,10-20K,成都,锦江区,3-5年,本科,教育培训,100-499人,A轮,"SQL,Python,Excel,Tableau,数据分析,数据可视化",负责业务数据分析、指标体系建设和数据看板搭建，熟练 SQL、Excel 和 Python，能独立完成分析报告。,liepin,https://liepin.example.invalid/jobs/170,2026-03-18,2026-06-04 06:15:30
lagou-00171,销售经理,成都锦城信息有限公司,6-18K,成都,双流区,1-3年,本科,企业服务,100-499人,上市公司,"销售,客户沟通,渠道拓展",负责客户开发、商务谈判和渠道拓展，制定销售策略并完成业绩指标，具备较强的客户沟通能力。,lagou,https://lagou.example.invalid/jobs/171,2026-05-28,2026-06-03 12:15:30
liepin-00172,前端开发工程师,成都星河软件有限公司,11-21K·14薪,成都,双流区,3-5年,本科,金融科技,1000-9999人,A轮,"JavaScript,TypeScript,React,Vue",负责 Web 前端开发，参与组件库建设和性能优化，熟悉 React/Vue 技术栈，有 TypeScript 项目经验。,liepin,https://liepin.example.invalid/jobs/172,2026-04-08,2026-06-04 14:15:30
51job-00173,数据开发工程师,成都天府软件有限公司,10-29K,成都,武侯区,5-10年,本科,电子商务,500-999人,A轮,"SQL,Python,Spark,Hadoop,数据仓库",负责数据仓库建设和 ETL 流程开发，熟悉 Spark/Hive/Hadoop 生态，有海量数据处理经验优先。,51job,https://51job.example.invalid/jobs/173,2026-03-28,2026-06-02 21:15:30
51job-00174,前端开发工程师,成都宏图科技有限公司,11-24K,成都,高新区,1-3年,硕士,金融科技,20-99人,B轮,"JavaScript,TypeScript,React,Vue",负责 Web 前端开发，参与组件库建设和性能优化，熟悉 React/Vue 技术栈，有 TypeScript 项目经验。,51job,https://51job.example.invalid/jobs/174,2026-05-30,2026-06-04 11:15:30
51job-00175,算法工程师,成都蓉创科技有限公司,18-34K,成都,武侯区,1-3年,不限,金融科技,500-999人,上市公司,"Python,机器学习,深度学习,C++",负责推荐/搜索/广告等算法模型开发与优化，熟悉主流深度学习框架，有实际业务落地经验。,51job,https://51job.example.invalid/jobs/175,2026-03-13,2026-06-03 01:15:30
boss-00176,算法工程师,成都锦城信息有限公司,16-33K·14薪,成都,青羊区,5-10年,不限,互联网,500-999人,未融资,"Python,机器学习,深度学习,C++",负责推荐/搜索/广告等算法模型开发与优化，熟悉主流深度学习框架，有实际业务落地经验。,boss,https://boss.example.invalid/jobs/176,2026-04-04,2026-06-04 14:15:30
liepin-00177,电商运营,成都鼎新数据有限公司,4-14K,成都,武侯区,1-3年,硕士,企业服务,100-499人,上市公司,"电商运营,Excel,数据分析,用户增长",负责店铺运营、活动策划和数据复盘，具备天猫/京东等电商平台运营经验，善于数据驱动增长。,liepin,https://liepin.example.invalid/jobs/177,2026-05-22,2026-06-04 10:15:30
lagou-00178,UI 设计师,成都锦城软件有限公司,9-13K·14薪,成都,天府新区,5-10年,大专,互联网,20-99人,天使轮,"Figma,Photoshop,原型设计",负责产品界面设计、设计规范制定和交互细节优化，熟悉 Figma 和 PS，对用户体验有较高追求。,lagou,https://lagou.example.invalid/jobs/178,2026-04-21,2026-06-03 20:15:30
liepin-00179,数据开发工程师,成都蓉创科技有限公司,13-27K,成都,金牛区,3-5年,不限,企业服务,500-999人,天使轮,"SQL,Python,Spark,Hadoop,数据仓库",负责数据仓库建设和 ETL 流程开发，熟悉 Spark/Hive/Hadoop 生态，有海量数据处理经验优先。,liepin,https://liepin.example.invalid/jobs/179,2026-05-18,2026-06-03 16:15:30
51job-00180,UI 设计师,成都博思科技有限公司,6-19K,成都,高新区,5-10年,不限,教育培训,20-99人,A轮,"Figma,Photoshop,原型设计",负责产品界面设计、设计规范制定和交互细节优化，熟悉 Figma 和 PS，对用户体验有较高追求。,51job,https://51job.example.invalid/jobs/180,2026-05-05,2026-06-02 08:15:30
51job-00181,运维工程师,成都云智科技有限公司,11-21K,成都,锦江区,3-5年,大专,互联网,20-99人,B轮,"Linux,Docker,Kubernetes,Redis,MySQL",负责系统部署上线、监控告警和故障排查，熟悉 Linux、Docker 和 Kubernetes 容器编排。,51job,https://51job.example.invalid/jobs/181,2026-04-05,2026-06-04 14:15:30
liepin-00182,算法工程师,成都锦城数据有限公司,20-38K,成都,双流区,3-5年,不限,教育培训,100-499人,天使轮,"Python,机器学习,深度学习,C++",负责推荐/搜索/广告等算法模型开发与优化，熟悉主流深度学习框架，有实际业务落地经验。,liepin,https://liepin.example.invalid/jobs/182,2026-05-25,2026-06-02 03:15:30
51job-00183,运维工程师,成都天府科技有限公司,11-16K·13薪,成都,双流区,不限,硕士,教育培训,20-99人,A轮,"Linux,Docker,Kubernetes,Redis,MySQL",负责系统部署上线、监控告警和故障排查，熟悉 Linux、Docker 和 Kubernetes 容器编排。,51job,https://51job.example.invalid/jobs/183,2026-05-05,2026-06-04 16:15:30
lagou-00184,Python 后端工程师,成都蓉创信息有限公司,11-21K,成都,天府新区,1-3年,本科,智能制造,20-99人,未融资,"Python,FastAPI,PostgreSQL,Redis,Docker",负责业务后端服务开发，参与系统架构设计，使用 Python、FastAPI、PostgreSQL、Redis、Docker 构建稳定高效的微服务接口。,lagou,https://lagou.example.invalid/jobs/184,2026-04-21,2026-06-02 05:15:30
51job-00185,产品经理,成都鼎新科技有限公司,12-20K·13薪,成都,武侯区,1-3年,本科,软件服务,500-999人,未融资,"需求分析,原型设计,项目管理,Figma",负责需求分析、产品规划和项目推进，熟悉原型设计工具和敏捷开发流程，具备跨团队沟通协调能力。,51job,https://51job.example.invalid/jobs/185,2026-04-02,2026-06-02 13:15:30
boss-00186,数据分析师,成都宏图数据有限公司,10-15K·13薪,成都,高新区,1-3年,大专,企业服务,20-99人,C轮及以上,"SQL,Python,Excel,Tableau,数据分析,数据可视化",负责业务数据分析、指标体系建设和数据看板搭建，熟练 SQL、Excel 和 Python，能独立完成分析报告。,boss,https://boss.example.invalid/jobs/186,2026-05-04,2026-06-04 18:15:30
51job-00187,测试工程师,成都星河科技有限公司,6-18K,成都,成华区,1-3年,不限,金融科技,20-99人,B轮,"Python,SQL,Linux",负责接口测试、自动化测试用例编写和质量保障，熟悉 Python 脚本和 SQL 查询，有 CI/CD 集成经验优先。,51job,https://51job.example.invalid/jobs/187,2026-05-26,2026-06-03 00:15:30
boss-00188,测试工程师,成都蓉创信息有限公司,5-19K·13薪,成都,金牛区,3-5年,硕士,企业服务,100-499人,上市公司,"Python,SQL,Linux",负责接口测试、自动化测试用例编写和质量保障，熟悉 Python 脚本和 SQL 查询，有 CI/CD 集成经验优先。,boss,https://boss.example.invalid/jobs/188,2026-05-10,2026-06-03 10:15:30
boss-00189,前端开发工程师,成都云智数据有限公司,7-23K,成都,青羊区,5-10年,本科,互联网,100-499人,C轮及以上,"JavaScript,TypeScript,React,Vue",负责 Web 前端开发，参与组件库建设和性能优化，熟悉 React/Vue 技术栈，有 TypeScript 项目经验。,boss,https://boss.example.invalid/jobs/189,2026-03-27,2026-06-03 03:15:30
51job-00190,电商运营,成都博思数据有限公司,4-13K·13薪,成都,武侯区,不限,不限,教育培训,100-499人,上市公司,"电商运营,Excel,数据分析,用户增长",负责店铺运营、活动策划和数据复盘，具备天猫/京东等电商平台运营经验，善于数据驱动增长。,51job,https://51job.example.invalid/jobs/190,2026-05-30,2026-06-03 18:15:30
liepin-00191,销售经理,成都蓉创数据有限公司,8-17K·13薪,成都,锦江区,3-5年,本科,金融科技,500-999人,天使轮,"销售,客户沟通,渠道拓展",负责客户开发、商务谈判和渠道拓展，制定销售策略并完成业绩指标，具备较强的客户沟通能力。,liepin,https://liepin.example.invalid/jobs/191,2026-05-05,2026-06-03 10:15:30
lagou-00192,前端开发工程师,成都宏图数据有限公司,11-18K·13薪,成都,武侯区,不限,本科,企业服务,100-499人,B轮,"JavaScript,TypeScript,React,Vue",负责 Web 前端开发，参与组件库建设和性能优化，熟悉 React/Vue 技术栈，有 TypeScript 项目经验。,lagou,https://lagou.example.invalid/jobs/192,2026-05-14,2026-06-02 14:15:30
lagou-00193,产品经理,成都天府数据有限公司,8-20K,成都,成华区,不限,大专,电子商务,1000-9999人,C轮及以上,"需求分析,原型设计,项目管理,Figma",负责需求分析、产品规划和项目推进，熟悉原型设计工具和敏捷开发流程，具备跨团队沟通协调能力。,lagou,https://lagou.example.invalid/jobs/193,2026-03-07,2026-06-04 18:15:30
liepin-00194,产品经理,成都天府科技有限公司,9-19K·13薪,成都,天府新区,不限,大专,互联网,20-99人,未融资,"需求分析,原型设计,项目管理,Figma",负责需求分析、产品规划和项目推进，熟悉原型设计工具和敏捷开发流程，具备跨团队沟通协调能力。,liepin,https://liepin.example.invalid/jobs/194,2026-03-25,2026-06-02 01:15:30
boss-00195,数据分析师,成都星河信息有限公司,9-20K·13薪,成都,成华区,1-3年,不限,企业服务,500-999人,未融资,"SQL,Python,Excel,Tableau,数据分析,数据可视化",负责业务数据分析、指标体系建设和数据看板搭建，熟练 SQL、Excel 和 Python，能独立完成分析报告。,boss,https://boss.example.invalid/jobs/195,2026-05-26,2026-06-04 21:15:30
liepin-00196,Python 后端工程师,成都博思信息有限公司,11-27K,成都,天府新区,1-3年,大专,电子商务,500-999人,B轮,"Python,FastAPI,PostgreSQL,Redis,Docker",负责业务后端服务开发，参与系统架构设计，使用 Python、FastAPI、PostgreSQL、Redis、Docker 构建稳定高效的微服务接口。,liepin,https://liepin.example.invalid/jobs/196,2026-06-01,2026-06-02 23:15:30
51job-00197,销售经理,成都宏图科技有限公司,8-20K,成都,天府新区,3-5年,硕士,软件服务,1000-9999人,天使轮,"销售,客户沟通,渠道拓展",负责客户开发、商务谈判和渠道拓展，制定销售策略并完成业绩指标，具备较强的客户沟通能力。,51job,https://51job.example.invalid/jobs/197,2026-04-13,2026-06-02 01:15:30
liepin-00198,算法工程师,成都宏图数据有限公司,20-32K·14薪,成都,金牛区,3-5年,硕士,电子商务,100-499人,未融资,"Python,机器学习,深度学习,C++",负责推荐/搜索/广告等算法模型开发与优化，熟悉主流深度学习框架，有实际业务落地经验。,liepin,https://liepin.example.invalid/jobs/198,2026-04-04,2026-06-02 02:15:30
boss-00199,数据分析师,成都天府信息有限公司,6-19K,成都,天府新区,1-3年,大专,电子商务,20-99人,天使轮,"SQL,Python,Excel,Tableau,数据分析,数据可视化",负责业务数据分析、指标体系建设和数据看板搭建，熟练 SQL、Excel 和 Python，能独立完成分析报告。,boss,https://boss.example.invalid/jobs/199,2026-03-29,2026-06-03 02:15:30
lagou-00200,测试工程师,成都云智数据有限公司,6-14K·14薪,成都,金牛区,1-3年,大专,企业服务,1000-9999人,C轮及以上,"Python,SQL,Linux",负责接口测试、自动化测试用例编写和质量保障，熟悉 Python 脚本和 SQL 查询，有 CI/CD 集成经验优先。,lagou,https://lagou.example.invalid/jobs/200,2026-03-07,2026-06-03 02:15:30
boss-00201,电商运营,成都云智软件有限公司,4-12K,成都,青羊区,3-5年,大专,企业服务,100-499人,A轮,"电商运营,Excel,数据分析,用户增长",负责店铺运营、活动策划和数据复盘，具备天猫/京东等电商平台运营经验，善于数据驱动增长。,boss,https://boss.example.invalid/jobs/201,2026-03-19,2026-06-03 19:15:30
lagou-00202,Python 后端工程师,成都星河数据有限公司,10-23K·13薪,成都,武侯区,不限,本科,电子商务,500-999人,天使轮,"Python,FastAPI,PostgreSQL,Redis,Docker",负责业务后端服务开发，参与系统架构设计，使用 Python、FastAPI、PostgreSQL、Redis、Docker 构建稳定高效的微服务接口。,lagou,https://lagou.example.invalid/jobs/202,2026-03-29,2026-06-03 01:15:30
lagou-00203,算法工程师,成都博思数据有限公司,19-37K,成都,金牛区,1-3年,大专,智能制造,20-99人,上市公司,"Python,机器学习,深度学习,C++",负责推荐/搜索/广告等算法模型开发与优化，熟悉主流深度学习框架，有实际业务落地经验。,lagou,https://lagou.example.invalid/jobs/203,2026-05-07,2026-06-04 01:15:30
51job-00204,销售经理,成都星河软件有限公司,4-19K,成都,青羊区,3-5年,不限,软件服务,500-999人,A轮,"销售,客户沟通,渠道拓展",负责客户开发、商务谈判和渠道拓展，制定销售策略并完成业绩指标，具备较强的客户沟通能力。,51job,https://51job.example.invalid/jobs/204,2026-03-15,2026-06-01 23:15:30
boss-00205,数据开发工程师,成都星河数据有限公司,12-29K,成都,成华区,不限,不限,互联网,1000-9999人,B轮,"SQL,Python,Spark,Hadoop,数据仓库",负责数据仓库建设和 ETL 流程开发，熟悉 Spark/Hive/Hadoop 生态，有海量数据处理经验优先。,boss,https://boss.example.invalid/jobs/205,2026-05-09,2026-06-03 16:15:30
51job-00206,运维工程师,成都天府信息有限公司,10-21K·13薪,成都,双流区,不限,不限,电子商务,20-99人,A轮,"Linux,Docker,Kubernetes,Redis,MySQL",负责系统部署上线、监控告警和故障排查，熟悉 Linux、Docker 和 Kubernetes 容器编排。,51job,https://51job.example.invalid/jobs/206,2026-05-23,2026-06-02 10:15:30
liepin-00207,Java 开发工程师,成都星河数据有限公司,10-21K·14薪,成都,锦江区,5-10年,不限,金融科技,100-499人,C轮及以上,"Java,Spring Boot,MySQL,Redis,Linux",负责 Java 后端系统开发与维护，熟悉 Spring Boot、MySQL、Redis 和 Linux 环境部署，有分布式项目经验优先。,liepin,https://liepin.example.invalid/jobs/207,2026-05-26,2026-06-02 01:15:30
lagou-00208,Python 后端工程师,成都蓉创数据有限公司,10-26K,成都,青羊区,1-3年,不限,互联网,1000-9999人,C轮及以上,"Python,FastAPI,PostgreSQL,Redis,Docker",负责业务后端服务开发，参与系统架构设计，使用 Python、FastAPI、PostgreSQL、Redis、Docker 构建稳定高效的微服务接口。,lagou,https://lagou.example.invalid/jobs/208,2026-04-13,2026-06-02 01:15:30
boss-00209,前端开发工程师,成都宏图信息有限公司,7-22K,成都,双流区,不限,大专,软件服务,500-999人,未融资,"JavaScript,TypeScript,React,Vue",负责 Web 前端开发，参与组件库建设和性能优化，熟悉 React/Vue 技术栈，有 TypeScript 项目经验。,boss,https://boss.example.invalid/jobs/209,2026-05-24,2026-06-03 10:15:30
liepin-00210,产品经理,成都博思信息有限公司,11-26K,成都,成华区,5-10年,本科,软件服务,1000-9999人,未融资,"需求分析,原型设计,项目管理,Figma",负责需求分析、产品规划和项目推进，熟悉原型设计工具和敏捷开发流程，具备跨团队沟通协调能力。,liepin,https://liepin.example.invalid/jobs/210,2026-05-24,2026-06-02 02:15:30
51job-00211,电商运营,成都星河数据有限公司,6-14K·14薪,成都,高新区,5-10年,大专,教育培训,20-99人,B轮,"电商运营,Excel,数据分析,用户增长",负责店铺运营、活动策划和数据复盘，具备天猫/京东等电商平台运营经验，善于数据驱动增长。,51job,https://51job.example.invalid/jobs/211,2026-05-16,2026-06-04 11:15:30
liepin-00212,UI 设计师,成都云智信息有限公司,8-16K,成都,成华区,5-10年,大专,软件服务,100-499人,天使轮,"Figma,Photoshop,原型设计",负责产品界面设计、设计规范制定和交互细节优化，熟悉 Figma 和 PS，对用户体验有较高追求。,liepin,https://liepin.example.invalid/jobs/212,2026-05-25,2026-06-02 21:15:30
lagou-00213,运维工程师,成都鼎新科技有限公司,7-21K,成都,锦江区,5-10年,硕士,教育培训,500-999人,A轮,"Linux,Docker,Kubernetes,Redis,MySQL",负责系统部署上线、监控告警和故障排查，熟悉 Linux、Docker 和 Kubernetes 容器编排。,lagou,https://lagou.example.invalid/jobs/213,2026-03-20,2026-06-03 14:15:30
boss-00214,Python 后端工程师,成都星河科技有限公司,14-27K·14薪,成都,双流区,不限,本科,企业服务,500-999人,B轮,"Python,FastAPI,PostgreSQL,Redis,Docker",负责业务后端服务开发，参与系统架构设计，使用 Python、FastAPI、PostgreSQL、Redis、Docker 构建稳定高效的微服务接口。,boss,https://boss.example.invalid/jobs/214,2026-05-16,2026-06-04 05:15:30
boss-00215,算法工程师,成都锦城软件有限公司,19-39K,成都,锦江区,5-10年,本科,智能制造,100-499人,未融资,"Python,机器学习,深度学习,C++",负责推荐/搜索/广告等算法模型开发与优化，熟悉主流深度学习框架，有实际业务落地经验。,boss,https://boss.example.invalid/jobs/215,2026-04-30,2026-06-02 20:15:30
51job-00216,测试工程师,成都星河信息有限公司,5-17K,成都,成华区,3-5年,硕士,企业服务,500-999人,A轮,"Python,SQL,Linux",负责接口测试、自动化测试用例编写和质量保障，熟悉 Python 脚本和 SQL 查询，有 CI/CD 集成经验优先。,51job,https://51job.example.invalid/jobs/216,2026-04-30,2026-06-02 09:15:30
liepin-00217,算法工程师,成都鼎新科技有限公司,16-35K·14薪,成都,青羊区,1-3年,不限,电子商务,1000-9999人,天使轮,"Python,机器学习,深度学习,C++",负责推荐/搜索/广告等算法模型开发与优化，熟悉主流深度学习框架，有实际业务落地经验。,liepin,https://liepin.example.invalid/jobs/217,2026-04-13,2026-06-02 09:15:30
lagou-00218,Python 后端工程师,成都宏图科技有限公司,11-24K,成都,高新区,1-3年,本科,电子商务,1000-9999人,C轮及以上,"Python,FastAPI,PostgreSQL,Redis,Docker",负责业务后端服务开发，参与系统架构设计，使用 Python、FastAPI、PostgreSQL、Redis、Docker 构建稳定高效的微服务接口。,lagou,https://lagou.example.invalid/jobs/218,2026-05-04,2026-06-04 19:15:30
51job-00219,算法工程师,成都锦城软件有限公司,16-35K·14薪,成都,天府新区,3-5年,本科,软件服务,500-999人,上市公司,"Python,机器学习,深度学习,C++",负责推荐/搜索/广告等算法模型开发与优化，熟悉主流深度学习框架，有实际业务落地经验。,51job,https://51job.example.invalid/jobs/219,2026-03-20,2026-06-02 14:15:30
lagou-00220,Python 后端工程师,成都天府数据有限公司,13-21K·13薪,成都,青羊区,不限,不限,金融科技,100-499人,上市公司,"Python,FastAPI,PostgreSQL,Redis,Docker",负责业务后端服务开发，参与系统架构设计，使用 Python、FastAPI、PostgreSQL、Redis、Docker 构建稳定高效的微服务接口。,lagou,https://lagou.example.invalid/jobs/220,2026-05-07,2026-06-03 19:15:30
51job-00221,Python 后端工程师,成都鼎新软件有限公司,11-25K,成都,成华区,1-3年,硕士,电子商务,1000-9999人,C轮及以上,"Python,FastAPI,PostgreSQL,Redis,Docker",负责业务后端服务开发，参与系统架构设计，使用 Python、FastAPI、PostgreSQL、Redis、Docker 构建稳定高效的微服务接口。,51job,https://51job.example.invalid/jobs/221,2026-04-11,2026-06-02 23:15:30
51job-00222,UI 设计师,成都鼎新数据有限公司,7-17K,成都,武侯区,3-5年,本科,智能制造,500-999人,天使轮,"Figma,Photoshop,原型设计",负责产品界面设计、设计规范制定和交互细节优化，熟悉 Figma 和 PS，对用户体验有较高追求。,51job,https://51job.example.invalid/jobs/222,2026-04-04,2026-06-04 15:15:30
51job-00223,数据分析师,成都蓉创数据有限公司,6-21K·13薪,成都,锦江区,5-10年,硕士,智能制造,20-99人,C轮及以上,"SQL,Python,Excel,Tableau,数据分析,数据可视化",负责业务数据分析、指标体系建设和数据看板搭建，熟练 SQL、Excel 和 Python，能独立完成分析报告。,51job,https://51job.example.invalid/jobs/223,2026-06-01,2026-06-02 08:15:30
51job-00224,测试工程师,成都锦城数据有限公司,6-19K,成都,成华区,5-10年,大专,智能制造,500-999人,上市公司,"Python,SQL,Linux",负责接口测试、自动化测试用例编写和质量保障，熟悉 Python 脚本和 SQL 查询，有 CI/CD 集成经验优先。,51job,https://51job.example.invalid/jobs/224,2026-05-14,2026-06-02 00:15:30
lagou-00225,算法工程师,成都博思数据有限公司,18-33K,成都,金牛区,3-5年,本科,金融科技,20-99人,B轮,"Python,机器学习,深度学习,C++",负责推荐/搜索/广告等算法模型开发与优化，熟悉主流深度学习框架，有实际业务落地经验。,lagou,https://lagou.example.invalid/jobs/225,2026-05-07,2026-06-03 08:15:30
liepin-00226,销售经理,成都博思数据有限公司,8-18K·13薪,成都,青羊区,不限,大专,软件服务,100-499人,A轮,"销售,客户沟通,渠道拓展",负责客户开发、商务谈判和渠道拓展，制定销售策略并完成业绩指标，具备较强的客户沟通能力。,liepin,https://liepin.example.invalid/jobs/226,2026-04-01,2026-06-04 08:15:30
lagou-00227,电商运营,成都锦城数据有限公司,5-16K,成都,武侯区,不限,硕士,电子商务,100-499人,天使轮,"电商运营,Excel,数据分析,用户增长",负责店铺运营、活动策划和数据复盘，具备天猫/京东等电商平台运营经验，善于数据驱动增长。,lagou,https://lagou.example.invalid/jobs/227,2026-04-03,2026-06-03 05:15:30
liepin-00228,电商运营,成都宏图软件有限公司,4-13K,成都,双流区,不限,大专,智能制造,500-999人,未融资,"电商运营,Excel,数据分析,用户增长",负责店铺运营、活动策划和数据复盘，具备天猫/京东等电商平台运营经验，善于数据驱动增长。,liepin,https://liepin.example.invalid/jobs/228,2026-04-14,2026-06-02 17:15:30
lagou-00229,数据分析师,成都蓉创信息有限公司,6-15K,成都,青羊区,5-10年,本科,软件服务,20-99人,未融资,"SQL,Python,Excel,Tableau,数据分析,数据可视化",负责业务数据分析、指标体系建设和数据看板搭建，熟练 SQL、Excel 和 Python，能独立完成分析报告。,lagou,https://lagou.example.invalid/jobs/229,2026-03-08,2026-06-03 03:15:30
liepin-00230,电商运营,成都鼎新信息有限公司,8-16K,成都,锦江区,5-10年,不限,软件服务,100-499人,上市公司,"电商运营,Excel,数据分析,用户增长",负责店铺运营、活动策划和数据复盘，具备天猫/京东等电商平台运营经验，善于数据驱动增长。,liepin,https://liepin.example.invalid/jobs/230,2026-04-22,2026-06-02 09:15:30
boss-00231,数据开发工程师,成都博思数据有限公司,10-24K·14薪,成都,金牛区,不限,不限,智能制造,20-99人,上市公司,"SQL,Python,Spark,Hadoop,数据仓库",负责数据仓库建设和 ETL 流程开发，熟悉 Spark/Hive/Hadoop 生态，有海量数据处理经验优先。,boss,https://boss.example.invalid/jobs/231,2026-03-13,2026-06-04 19:15:30
liepin-00232,数据开发工程师,成都蓉创软件有限公司,10-28K,成都,双流区,1-3年,不限,电子商务,1000-9999人,上市公司,"SQL,Python,Spark,Hadoop,数据仓库",负责数据仓库建设和 ETL 流程开发，熟悉 Spark/Hive/Hadoop 生态，有海量数据处理经验优先。,liepin,https://liepin.example.invalid/jobs/232,2026-05-20,2026-06-02 01:15:30
liepin-00233,产品经理,成都蓉创科技有限公司,12-21K,成都,武侯区,5-10年,大专,教育培训,100-499人,A轮,"需求分析,原型设计,项目管理,Figma",负责需求分析、产品规划和项目推进，熟悉原型设计工具和敏捷开发流程，具备跨团队沟通协调能力。,liepin,https://liepin.example.invalid/jobs/233,2026-03-31,2026-06-04 08:15:30
lagou-00234,测试工程师,成都天府软件有限公司,8-16K,成都,高新区,1-3年,不限,互联网,20-99人,未融资,"Python,SQL,Linux",负责接口测试、自动化测试用例编写和质量保障，熟悉 Python 脚本和 SQL 查询，有 CI/CD 集成经验优先。,lagou,https://lagou.example.invalid/jobs/234,2026-03-26,2026-06-02 08:15:30
boss-00235,前端开发工程师,成都宏图数据有限公司,7-18K,成都,成华区,5-10年,不限,互联网,100-499人,未融资,"JavaScript,TypeScript,React,Vue",负责 Web 前端开发，参与组件库建设和性能优化，熟悉 React/Vue 技术栈，有 TypeScript 项目经验。,boss,https://boss.example.invalid/jobs/235,2026-03-14,2026-06-03 18:15:30
boss-00236,算法工程师,成都锦城信息有限公司,18-38K,成都,武侯区,3-5年,硕士,教育培训,500-999人,上市公司,"Python,机器学习,深度学习,C++",负责推荐/搜索/广告等算法模型开发与优化，熟悉主流深度学习框架，有实际业务落地经验。,boss,https://boss.example.invalid/jobs/236,2026-05-30,2026-06-04 22:15:30
liepin-00237,测试工程师,成都博思软件有限公司,6-13K·13薪,成都,双流区,1-3年,不限,软件服务,20-99人,天使轮,"Python,SQL,Linux",负责接口测试、自动化测试用例编写和质量保障，熟悉 Python 脚本和 SQL 查询，有 CI/CD 集成经验优先。,liepin,https://liepin.example.invalid/jobs/237,2026-04-07,2026-06-03 13:15:30
lagou-00238,销售经理,成都锦城软件有限公司,7-24K·13薪,成都,双流区,不限,硕士,金融科技,20-99人,未融资,"销售,客户沟通,渠道拓展",负责客户开发、商务谈判和渠道拓展，制定销售策略并完成业绩指标，具备较强的客户沟通能力。,lagou,https://lagou.example.invalid/jobs/238,2026-04-20,2026-06-04 20:15:30
51job-00239,Python 后端工程师,成都宏图数据有限公司,14-24K·13薪,成都,武侯区,1-3年,不限,互联网,100-499人,C轮及以上,"Python,FastAPI,PostgreSQL,Redis,Docker",负责业务后端服务开发，参与系统架构设计，使用 Python、FastAPI、PostgreSQL、Redis、Docker 构建稳定高效的微服务接口。,51job,https://51job.example.invalid/jobs/239,2026-04-10,2026-06-03 16:15:30
51job-00240,前端开发工程师,成都云智信息有限公司,7-24K·14薪,成都,青羊区,5-10年,硕士,企业服务,100-499人,未融资,"JavaScript,TypeScript,React,Vue",负责 Web 前端开发，参与组件库建设和性能优化，熟悉 React/Vue 技术栈，有 TypeScript 项目经验。,51job,https://51job.example.invalid/jobs/240,2026-04-23,2026-06-03 12:15:30
liepin-00241,销售经理,成都宏图科技有限公司,7-18K,成都,天府新区,5-10年,硕士,互联网,20-99人,未融资,"销售,客户沟通,渠道拓展",负责客户开发、商务谈判和渠道拓展，制定销售策略并完成业绩指标，具备较强的客户沟通能力。,liepin,https://liepin.example.invalid/jobs/241,2026-04-25,2026-06-04 08:15:30
liepin-00242,算法工程师,成都天府软件有限公司,18-35K,成都,金牛区,5-10年,本科,智能制造,1000-9999人,未融资,"Python,机器学习,深度学习,C++",负责推荐/搜索/广告等算法模型开发与优化，熟悉主流深度学习框架，有实际业务落地经验。,liepin,https://liepin.example.invalid/jobs/242,2026-04-19,2026-06-04 17:15:30
51job-00243,Python 后端工程师,成都云智信息有限公司,12-26K·13薪,成都,金牛区,1-3年,硕士,互联网,500-999人,C轮及以上,"Python,FastAPI,PostgreSQL,Redis,Docker",负责业务后端服务开发，参与系统架构设计，使用 Python、FastAPI、PostgreSQL、Redis、Docker 构建稳定高效的微服务接口。,51job,https://51job.example.invalid/jobs/243,2026-03-07,2026-06-04 10:15:30
liepin-00244,Java 开发工程师,成都博思科技有限公司,11-22K·14薪,成都,青羊区,不限,硕士,金融科技,100-499人,B轮,"Java,Spring Boot,MySQL,Redis,Linux",负责 Java 后端系统开发与维护，熟悉 Spring Boot、MySQL、Redis 和 Linux 环境部署，有分布式项目经验优先。,liepin,https://liepin.example.invalid/jobs/244,2026-04-22,2026-06-04 10:15:30
liepin-00245,数据开发工程师,成都锦城科技有限公司,10-28K·13薪,成都,锦江区,3-5年,硕士,金融科技,100-499人,A轮,"SQL,Python,Spark,Hadoop,数据仓库",负责数据仓库建设和 ETL 流程开发，熟悉 Spark/Hive/Hadoop 生态，有海量数据处理经验优先。,liepin,https://liepin.example.invalid/jobs/245,2026-03-08,2026-06-04 01:15:30
lagou-00246,产品经理,成都蓉创数据有限公司,11-21K·14薪,成都,双流区,1-3年,大专,软件服务,500-999人,上市公司,"需求分析,原型设计,项目管理,Figma",负责需求分析、产品规划和项目推进，熟悉原型设计工具和敏捷开发流程，具备跨团队沟通协调能力。,lagou,https://lagou.example.invalid/jobs/246,2026-03-19,2026-06-02 06:15:30
boss-00247,数据开发工程师,成都博思数据有限公司,11-27K·13薪,成都,金牛区,不限,不限,互联网,1000-9999人,天使轮,"SQL,Python,Spark,Hadoop,数据仓库",负责数据仓库建设和 ETL 流程开发，熟悉 Spark/Hive/Hadoop 生态，有海量数据处理经验优先。,boss,https://boss.example.invalid/jobs/247,2026-03-25,2026-06-02 10:15:30
51job-00248,数据分析师,成都蓉创信息有限公司,8-17K·14薪,成都,成华区,不限,本科,企业服务,1000-9999人,未融资,"SQL,Python,Excel,Tableau,数据分析,数据可视化",负责业务数据分析、指标体系建设和数据看板搭建，熟练 SQL、Excel 和 Python，能独立完成分析报告。,51job,https://51job.example.invalid/jobs/248,2026-05-17,2026-06-04 16:15:30
lagou-00249,数据分析师,成都博思软件有限公司,10-21K·13薪,成都,成华区,3-5年,不限,互联网,500-999人,天使轮,"SQL,Python,Excel,Tableau,数据分析,数据可视化",负责业务数据分析、指标体系建设和数据看板搭建，熟练 SQL、Excel 和 Python，能独立完成分析报告。,lagou,https://lagou.example.invalid/jobs/249,2026-03-08,2026-06-04 17:15:30
lagou-00250,数据分析师,成都星河信息有限公司,8-18K,成都,成华区,不限,硕士,互联网,1000-9999人,A轮,"SQL,Python,Excel,Tableau,数据分析,数据可视化",负责业务数据分析、指标体系建设和数据看板搭建，熟练 SQL、Excel 和 Python，能独立完成分析报告。,lagou,https://lagou.example.invalid/jobs/250,2026-04-08,2026-06-04 01:15:30
boss-00251,前端开发工程师,成都云智信息有限公司,8-21K,成都,金牛区,不限,本科,金融科技,500-999人,未融资,"JavaScript,TypeScript,React,Vue",负责 Web 前端开发，参与组件库建设和性能优化，熟悉 React/Vue 技术栈，有 TypeScript 项目经验。,boss,https://boss.example.invalid/jobs/251,2026-04-06,2026-06-04 04:15:30
lagou-00252,数据分析师,成都博思科技有限公司,7-16K,成都,双流区,1-3年,大专,智能制造,500-999人,A轮,"SQL,Python,Excel,Tableau,数据分析,数据可视化",负责业务数据分析、指标体系建设和数据看板搭建，熟练 SQL、Excel 和 Python，能独立完成分析报告。,lagou,https://lagou.example.invalid/jobs/252,2026-03-27,2026-06-02 03:15:30
boss-00253,数据分析师,成都宏图信息有限公司,10-22K·14薪,成都,武侯区,1-3年,不限,智能制造,500-999人,B轮,"SQL,Python,Excel,Tableau,数据分析,数据可视化",负责业务数据分析、指标体系建设和数据看板搭建，熟练 SQL、Excel 和 Python，能独立完成分析报告。,boss,https://boss.example.invalid/jobs/253,2026-03-11,2026-06-03 03:15:30
boss-00254,产品经理,成都宏图软件有限公司,12-23K,成都,金牛区,3-5年,大专,电子商务,20-99人,未融资,"需求分析,原型设计,项目管理,Figma",负责需求分析、产品规划和项目推进，熟悉原型设计工具和敏捷开发流程，具备跨团队沟通协调能力。,boss,https://boss.example.invalid/jobs/254,2026-03-31,2026-06-02 06:15:30
lagou-00255,UI 设计师,成都星河信息有限公司,5-14K·14薪,成都,青羊区,5-10年,不限,智能制造,100-499人,未融资,"Figma,Photoshop,原型设计",负责产品界面设计、设计规范制定和交互细节优化，熟悉 Figma 和 PS，对用户体验有较高追求。,lagou,https://lagou.example.invalid/jobs/255,2026-03-09,2026-06-02 17:15:30
boss-00256,Python 后端工程师,成都星河信息有限公司,10-22K,成都,锦江区,5-10年,硕士,金融科技,1000-9999人,B轮,"Python,FastAPI,PostgreSQL,Redis,Docker",负责业务后端服务开发，参与系统架构设计，使用 Python、FastAPI、PostgreSQL、Redis、Docker 构建稳定高效的微服务接口。,boss,https://boss.example.invalid/jobs/256,2026-05-03,2026-06-02 00:15:30
boss-00257,运维工程师,成都鼎新科技有限公司,7-15K,成都,高新区,3-5年,不限,电子商务,1000-9999人,B轮,"Linux,Docker,Kubernetes,Redis,MySQL",负责系统部署上线、监控告警和故障排查，熟悉 Linux、Docker 和 Kubernetes 容器编排。,boss,https://boss.example.invalid/jobs/257,2026-03-07,2026-06-04 14:15:30
lagou-00258,电商运营,成都锦城数据有限公司,5-14K,成都,双流区,不限,大专,互联网,20-99人,未融资,"电商运营,Excel,数据分析,用户增长",负责店铺运营、活动策划和数据复盘，具备天猫/京东等电商平台运营经验，善于数据驱动增长。,lagou,https://lagou.example.invalid/jobs/258,2026-03-27,2026-06-03 10:15:30
51job-00259,运维工程师,成都博思信息有限公司,11-16K,成都,青羊区,1-3年,大专,教育培训,500-999人,天使轮,"Linux,Docker,Kubernetes,Redis,MySQL",负责系统部署上线、监控告警和故障排查，熟悉 Linux、Docker 和 Kubernetes 容器编排。,51job,https://51job.example.invalid/jobs/259,2026-04-21,2026-06-03 20:15:30
liepin-00260,算法工程师,成都蓉创科技有限公司,20-32K,成都,武侯区,5-10年,本科,电子商务,100-499人,上市公司,"Python,机器学习,深度学习,C++",负责推荐/搜索/广告等算法模型开发与优化，熟悉主流深度学习框架，有实际业务落地经验。,liepin,https://liepin.example.invalid/jobs/260,2026-04-28,2026-06-04 15:15:30
lagou-00261,产品经理,成都鼎新数据有限公司,12-20K·14薪,成都,金牛区,1-3年,本科,企业服务,500-999人,B轮,"需求分析,原型设计,项目管理,Figma",负责需求分析、产品规划和项目推进，熟悉原型设计工具和敏捷开发流程，具备跨团队沟通协调能力。,lagou,https://lagou.example.invalid/jobs/261,2026-04-03,2026-06-02 14:15:30
liepin-00262,测试工程师,成都鼎新软件有限公司,6-15K·13薪,成都,成华区,5-10年,本科,企业服务,500-999人,B轮,"Python,SQL,Linux",负责接口测试、自动化测试用例编写和质量保障，熟悉 Python 脚本和 SQL 查询，有 CI/CD 集成经验优先。,liepin,https://liepin.example.invalid/jobs/262,2026-04-19,2026-06-04 06:15:30
51job-00263,前端开发工程师,成都蓉创科技有限公司,11-18K,成都,锦江区,不限,不限,企业服务,1000-9999人,C轮及以上,"JavaScript,TypeScript,React,Vue",负责 Web 前端开发，参与组件库建设和性能优化，熟悉 React/Vue 技术栈，有 TypeScript 项目经验。,51job,https://51job.example.invalid/jobs/263,2026-03-28,2026-06-03 22:15:30
lagou-00264,UI 设计师,成都蓉创信息有限公司,7-20K·13薪,成都,金牛区,不限,硕士,电子商务,20-99人,上市公司,"Figma,Photoshop,原型设计",负责产品界面设计、设计规范制定和交互细节优化，熟悉 Figma 和 PS，对用户体验有较高追求。,lagou,https://lagou.example.invalid/jobs/264,2026-04-15,2026-06-03 19:15:30
liepin-00265,算法工程师,成都锦城软件有限公司,17-34K,成都,锦江区,不限,大专,企业服务,1000-9999人,天使轮,"Python,机器学习,深度学习,C++",负责推荐/搜索/广告等算法模型开发与优化，熟悉主流深度学习框架，有实际业务落地经验。,liepin,https://liepin.example.invalid/jobs/265,2026-05-13,2026-06-01 23:15:30
lagou-00266,测试工程师,成都宏图科技有限公司,6-12K,成都,金牛区,3-5年,不限,智能制造,500-999人,上市公司,"Python,SQL,Linux",负责接口测试、自动化测试用例编写和质量保障，熟悉 Python 脚本和 SQL 查询，有 CI/CD 集成经验优先。,lagou,https://lagou.example.invalid/jobs/266,2026-04-16,2026-06-02 11:15:30
liepin-00267,UI 设计师,成都蓉创软件有限公司,9-15K,成都,双流区,5-10年,本科,企业服务,500-999人,B轮,"Figma,Photoshop,原型设计",负责产品界面设计、设计规范制定和交互细节优化，熟悉 Figma 和 PS，对用户体验有较高追求。,liepin,https://liepin.example.invalid/jobs/267,2026-04-19,2026-06-04 14:15:30
liepin-00268,Python 后端工程师,成都蓉创信息有限公司,14-23K,成都,锦江区,1-3年,大专,电子商务,20-99人,上市公司,"Python,FastAPI,PostgreSQL,Redis,Docker",负责业务后端服务开发，参与系统架构设计，使用 Python、FastAPI、PostgreSQL、Redis、Docker 构建稳定高效的微服务接口。,liepin,https://liepin.example.invalid/jobs/268,2026-05-06,2026-06-04 14:15:30
liepin-00269,测试工程师,成都博思科技有限公司,5-19K,成都,天府新区,不限,大专,教育培训,100-499人,天使轮,"Python,SQL,Linux",负责接口测试、自动化测试用例编写和质量保障，熟悉 Python 脚本和 SQL 查询，有 CI/CD 集成经验优先。,liepin,https://liepin.example.invalid/jobs/269,2026-05-09,2026-06-04 03:15:30
lagou-00270,销售经理,成都博思科技有限公司,5-17K,成都,成华区,不限,大专,金融科技,1000-9999人,B轮,"销售,客户沟通,渠道拓展",负责客户开发、商务谈判和渠道拓展，制定销售策略并完成业绩指标，具备较强的客户沟通能力。,lagou,https://lagou.example.invalid/jobs/270,2026-05-12,2026-06-02 05:15:30
lagou-00271,运维工程师,成都宏图科技有限公司,11-17K,成都,成华区,5-10年,硕士,软件服务,20-99人,未融资,"Linux,Docker,Kubernetes,Redis,MySQL",负责系统部署上线、监控告警和故障排查，熟悉 Linux、Docker 和 Kubernetes 容器编排。,lagou,https://lagou.example.invalid/jobs/271,2026-05-14,2026-06-03 04:15:30
boss-00272,UI 设计师,成都星河科技有限公司,8-15K·13薪,成都,锦江区,1-3年,不限,企业服务,1000-9999人,C轮及以上,"Figma,Photoshop,原型设计",负责产品界面设计、设计规范制定和交互细节优化，熟悉 Figma 和 PS，对用户体验有较高追求。,boss,https://boss.example.invalid/jobs/272,2026-04-05,2026-06-04 19:15:30
lagou-00273,Python 后端工程师,成都星河软件有限公司,14-27K,成都,天府新区,3-5年,硕士,企业服务,100-499人,未融资,"Python,FastAPI,PostgreSQL,Redis,Docker",负责业务后端服务开发，参与系统架构设计，使用 Python、FastAPI、PostgreSQL、Redis、Docker 构建稳定高效的微服务接口。,lagou,https://lagou.example.invalid/jobs/273,2026-04-17,2026-06-03 03:15:30
lagou-00274,UI 设计师,成都星河科技有限公司,8-17K·13薪,成都,高新区,1-3年,本科,金融科技,500-999人,未融资,"Figma,Photoshop,原型设计",负责产品界面设计、设计规范制定和交互细节优化，熟悉 Figma 和 PS，对用户体验有较高追求。,lagou,https://lagou.example.invalid/jobs/274,2026-06-04,2026-06-02 05:15:30
51job-00275,算法工程师,成都蓉创软件有限公司,20-36K,成都,双流区,5-10年,硕士,软件服务,500-999人,C轮及以上,"Python,机器学习,深度学习,C++",负责推荐/搜索/广告等算法模型开发与优化，熟悉主流深度学习框架，有实际业务落地经验。,51job,https://51job.example.invalid/jobs/275,2026-03-24,2026-06-03 01:15:30
liepin-00276,产品经理,成都天府软件有限公司,10-24K,成都,锦江区,不限,大专,教育培训,1000-9999人,A轮,"需求分析,原型设计,项目管理,Figma",负责需求分析、产品规划和项目推进，熟悉原型设计工具和敏捷开发流程，具备跨团队沟通协调能力。,liepin,https://liepin.example.invalid/jobs/276,2026-03-12,2026-06-04 08:15:30
liepin-00277,数据开发工程师,成都宏图软件有限公司,10-24K,成都,高新区,不限,本科,软件服务,500-999人,未融资,"SQL,Python,Spark,Hadoop,数据仓库",负责数据仓库建设和 ETL 流程开发，熟悉 Spark/Hive/Hadoop 生态，有海量数据处理经验优先。,liepin,https://liepin.example.invalid/jobs/277,2026-05-24,2026-06-04 05:15:30
51job-00278,数据开发工程师,成都宏图科技有限公司,13-28K,成都,高新区,3-5年,大专,互联网,100-499人,C轮及以上,"SQL,Python,Spark,Hadoop,数据仓库",负责数据仓库建设和 ETL 流程开发，熟悉 Spark/Hive/Hadoop 生态，有海量数据处理经验优先。,51job,https://51job.example.invalid/jobs/278,2026-05-13,2026-06-02 08:15:30
lagou-00279,测试工程师,成都鼎新软件有限公司,6-12K·13薪,成都,武侯区,1-3年,不限,智能制造,20-99人,未融资,"Python,SQL,Linux",负责接口测试、自动化测试用例编写和质量保障，熟悉 Python 脚本和 SQL 查询，有 CI/CD 集成经验优先。,lagou,https://lagou.example.invalid/jobs/279,2026-04-30,2026-06-02 20:15:30
51job-00280,数据开发工程师,成都宏图软件有限公司,14-27K·14薪,成都,成华区,不限,本科,软件服务,1000-9999人,C轮及以上,"SQL,Python,Spark,Hadoop,数据仓库",负责数据仓库建设和 ETL 流程开发，熟悉 Spark/Hive/Hadoop 生态，有海量数据处理经验优先。,51job,https://51job.example.invalid/jobs/280,2026-05-07,2026-06-03 23:15:30
51job-00281,Java 开发工程师,成都蓉创软件有限公司,12-23K·13薪,成都,武侯区,5-10年,大专,企业服务,500-999人,B轮,"Java,Spring Boot,MySQL,Redis,Linux",负责 Java 后端系统开发与维护，熟悉 Spring Boot、MySQL、Redis 和 Linux 环境部署，有分布式项目经验优先。,51job,https://51job.example.invalid/jobs/281,2026-03-31,2026-06-03 15:15:30
51job-00282,Python 后端工程师,成都天府数据有限公司,13-22K·13薪,成都,武侯区,3-5年,不限,智能制造,500-999人,天使轮,"Python,FastAPI,PostgreSQL,Redis,Docker",负责业务后端服务开发，参与系统架构设计，使用 Python、FastAPI、PostgreSQL、Redis、Docker 构建稳定高效的微服务接口。,51job,https://51job.example.invalid/jobs/282,2026-04-17,2026-06-03 19:15:30
lagou-00283,运维工程师,成都天府数据有限公司,9-16K,成都,天府新区,1-3年,硕士,智能制造,100-499人,天使轮,"Linux,Docker,Kubernetes,Redis,MySQL",负责系统部署上线、监控告警和故障排查，熟悉 Linux、Docker 和 Kubernetes 容器编排。,lagou,https://lagou.example.invalid/jobs/283,2026-04-25,2026-06-03 02:15:30
lagou-00284,数据分析师,成都星河科技有限公司,7-18K·13薪,成都,金牛区,不限,不限,企业服务,1000-9999人,A轮,"SQL,Python,Excel,Tableau,数据分析,数据可视化",负责业务数据分析、指标体系建设和数据看板搭建，熟练 SQL、Excel 和 Python，能独立完成分析报告。,lagou,https://lagou.example.invalid/jobs/284,2026-05-16,2026-06-04 10:15:30
liepin-00285,电商运营,成都博思信息有限公司,8-15K·14薪,成都,锦江区,1-3年,不限,教育培训,1000-9999人,B轮,"电商运营,Excel,数据分析,用户增长",负责店铺运营、活动策划和数据复盘，具备天猫/京东等电商平台运营经验，善于数据驱动增长。,liepin,https://liepin.example.invalid/jobs/285,2026-03-31,2026-06-03 12:15:30
lagou-00286,UI 设计师,成都宏图数据有限公司,7-19K,成都,天府新区,不限,大专,金融科技,20-99人,A轮,"Figma,Photoshop,原型设计",负责产品界面设计、设计规范制定和交互细节优化，熟悉 Figma 和 PS，对用户体验有较高追求。,lagou,https://lagou.example.invalid/jobs/286,2026-05-20,2026-06-02 05:15:30
lagou-00287,产品经理,成都鼎新信息有限公司,9-23K·13薪,成都,成华区,5-10年,大专,金融科技,500-999人,A轮,"需求分析,原型设计,项目管理,Figma",负责需求分析、产品规划和项目推进，熟悉原型设计工具和敏捷开发流程，具备跨团队沟通协调能力。,lagou,https://lagou.example.invalid/jobs/287,2026-04-05,2026-06-03 04:15:30
lagou-00288,电商运营,成都博思软件有限公司,5-13K,成都,武侯区,1-3年,大专,金融科技,20-99人,天使轮,"电商运营,Excel,数据分析,用户增长",负责店铺运营、活动策划和数据复盘，具备天猫/京东等电商平台运营经验，善于数据驱动增长。,lagou,https://lagou.example.invalid/jobs/288,2026-05-01,2026-06-03 17:15:30
liepin-00289,前端开发工程师,成都云智软件有限公司,11-22K,成都,成华区,1-3年,不限,软件服务,500-999人,B轮,"JavaScript,TypeScript,React,Vue",负责 Web 前端开发，参与组件库建设和性能优化，熟悉 React/Vue 技术栈，有 TypeScript 项目经验。,liepin,https://liepin.example.invalid/jobs/289,2026-05-03,2026-06-02 00:15:30
51job-00290,数据开发工程师,成都蓉创数据有限公司,12-26K,成都,金牛区,5-10年,不限,电子商务,100-499人,C轮及以上,"SQL,Python,Spark,Hadoop,数据仓库",负责数据仓库建设和 ETL 流程开发，熟悉 Spark/Hive/Hadoop 生态，有海量数据处理经验优先。,51job,https://51job.example.invalid/jobs/290,2026-03-25,2026-06-02 00:15:30
51job-00291,前端开发工程师,成都博思数据有限公司,9-22K·13薪,成都,天府新区,1-3年,大专,智能制造,500-999人,B轮,"JavaScript,TypeScript,React,Vue",负责 Web 前端开发，参与组件库建设和性能优化，熟悉 React/Vue 技术栈，有 TypeScript 项目经验。,51job,https://51job.example.invalid/jobs/291,2026-04-08,2026-06-04 13:15:30
lagou-00292,运维工程师,成都鼎新数据有限公司,7-16K,成都,金牛区,5-10年,本科,金融科技,500-999人,上市公司,"Linux,Docker,Kubernetes,Redis,MySQL",负责系统部署上线、监控告警和故障排查，熟悉 Linux、Docker 和 Kubernetes 容器编排。,lagou,https://lagou.example.invalid/jobs/292,2026-05-06,2026-06-03 07:15:30
lagou-00293,电商运营,成都蓉创科技有限公司,7-13K,成都,高新区,1-3年,硕士,互联网,20-99人,未融资,"电商运营,Excel,数据分析,用户增长",负责店铺运营、活动策划和数据复盘，具备天猫/京东等电商平台运营经验，善于数据驱动增长。,lagou,https://lagou.example.invalid/jobs/293,2026-05-19,2026-06-03 17:15:30
boss-00294,Python 后端工程师,成都星河软件有限公司,10-27K,成都,武侯区,1-3年,大专,智能制造,500-999人,B轮,"Python,FastAPI,PostgreSQL,Redis,Docker",负责业务后端服务开发，参与系统架构设计，使用 Python、FastAPI、PostgreSQL、Redis、Docker 构建稳定高效的微服务接口。,boss,https://boss.example.invalid/jobs/294,2026-05-02,2026-06-04 04:15:30
boss-00295,UI 设计师,成都宏图数据有限公司,6-13K·14薪,成都,金牛区,5-10年,大专,智能制造,100-499人,C轮及以上,"Figma,Photoshop,原型设计",负责产品界面设计、设计规范制定和交互细节优化，熟悉 Figma 和 PS，对用户体验有较高追求。,boss,https://boss.example.invalid/jobs/295,2026-04-24,2026-06-02 11:15:30
51job-00296,算法工程师,成都天府科技有限公司,20-38K·13薪,成都,金牛区,3-5年,本科,金融科技,500-999人,天使轮,"Python,机器学习,深度学习,C++",负责推荐/搜索/广告等算法模型开发与优化，熟悉主流深度学习框架，有实际业务落地经验。,51job,https://51job.example.invalid/jobs/296,2026-04-04,2026-06-02 02:15:30
51job-00297,Python 后端工程师,成都云智软件有限公司,14-23K·13薪,成都,成华区,3-5年,不限,企业服务,1000-9999人,A轮,"Python,FastAPI,PostgreSQL,Redis,Docker",负责业务后端服务开发，参与系统架构设计，使用 Python、FastAPI、PostgreSQL、Redis、Docker 构建稳定高效的微服务接口。,51job,https://51job.example.invalid/jobs/297,2026-04-05,2026-06-02 03:15:30
lagou-00298,Python 后端工程师,成都博思信息有限公司,14-26K,成都,双流区,5-10年,硕士,软件服务,500-999人,未融资,"Python,FastAPI,PostgreSQL,Redis,Docker",负责业务后端服务开发，参与系统架构设计，使用 Python、FastAPI、PostgreSQL、Redis、Docker 构建稳定高效的微服务接口。,lagou,https://lagou.example.invalid/jobs/298,2026-03-25,2026-06-02 16:15:30
51job-00299,UI 设计师,成都星河信息有限公司,9-17K,成都,成华区,3-5年,不限,智能制造,1000-9999人,C轮及以上,"Figma,Photoshop,原型设计",负责产品界面设计、设计规范制定和交互细节优化，熟悉 Figma 和 PS，对用户体验有较高追求。,51job,https://51job.example.invalid/jobs/299,2026-04-13,2026-06-03 23:15:30
lagou-00300,数据开发工程师,成都云智科技有限公司,14-29K,成都,金牛区,不限,本科,电子商务,100-499人,上市公司,"SQL,Python,Spark,Hadoop,数据仓库",负责数据仓库建设和 ETL 流程开发，熟悉 Spark/Hive/Hadoop 生态，有海量数据处理经验优先。,lagou,https://lagou.example.invalid/jobs/300,2026-06-02,2026-06-04 04:15:30
boss-00301,数据分析师,成都博思数据有限公司,6-17K·13薪,成都,天府新区,3-5年,硕士,智能制造,20-99人,A轮,"SQL,Python,Excel,Tableau,数据分析,数据可视化",负责业务数据分析、指标体系建设和数据看板搭建，熟练 SQL、Excel 和 Python，能独立完成分析报告。,boss,https://boss.example.invalid/jobs/301,2026-05-08,2026-06-03 04:15:30
boss-00302,Python 后端工程师,成都蓉创软件有限公司,12-27K,成都,天府新区,不限,大专,金融科技,1000-9999人,天使轮,"Python,FastAPI,PostgreSQL,Redis,Docker",负责业务后端服务开发，参与系统架构设计，使用 Python、FastAPI、PostgreSQL、Redis、Docker 构建稳定高效的微服务接口。,boss,https://boss.example.invalid/jobs/302,2026-05-12,2026-06-03 23:15:30
liepin-00303,电商运营,成都鼎新信息有限公司,4-14K,成都,双流区,不限,本科,金融科技,500-999人,天使轮,"电商运营,Excel,数据分析,用户增长",负责店铺运营、活动策划和数据复盘，具备天猫/京东等电商平台运营经验，善于数据驱动增长。,liepin,https://liepin.example.invalid/jobs/303,2026-03-09,2026-06-03 08:15:30
lagou-00304,算法工程师,成都锦城数据有限公司,17-33K·14薪,成都,双流区,不限,硕士,企业服务,100-499人,未融资,"Python,机器学习,深度学习,C++",负责推荐/搜索/广告等算法模型开发与优化，熟悉主流深度学习框架，有实际业务落地经验。,lagou,https://lagou.example.invalid/jobs/304,2026-04-24,2026-06-04 22:15:30
51job-00305,数据开发工程师,成都宏图科技有限公司,13-24K·14薪,成都,武侯区,3-5年,不限,互联网,500-999人,上市公司,"SQL,Python,Spark,Hadoop,数据仓库",负责数据仓库建设和 ETL 流程开发，熟悉 Spark/Hive/Hadoop 生态，有海量数据处理经验优先。,51job,https://51job.example.invalid/jobs/305,2026-05-04,2026-06-04 03:15:30
lagou-00306,Java 开发工程师,成都宏图信息有限公司,9-26K,成都,金牛区,5-10年,本科,智能制造,100-499人,A轮,"Java,Spring Boot,MySQL,Redis,Linux",负责 Java 后端系统开发与维护，熟悉 Spring Boot、MySQL、Redis 和 Linux 环境部署，有分布式项目经验优先。,lagou,https://lagou.example.invalid/jobs/306,2026-03-25,2026-06-03 03:15:30
liepin-00307,数据开发工程师,成都鼎新数据有限公司,13-26K·13薪,成都,青羊区,3-5年,大专,互联网,100-499人,B轮,"SQL,Python,Spark,Hadoop,数据仓库",负责数据仓库建设和 ETL 流程开发，熟悉 Spark/Hive/Hadoop 生态，有海量数据处理经验优先。,liepin,https://liepin.example.invalid/jobs/307,2026-03-24,2026-06-04 00:15:30
boss-00308,UI 设计师,成都鼎新信息有限公司,7-20K,成都,双流区,不限,硕士,软件服务,1000-9999人,C轮及以上,"Figma,Photoshop,原型设计",负责产品界面设计、设计规范制定和交互细节优化，熟悉 Figma 和 PS，对用户体验有较高追求。,boss,https://boss.example.invalid/jobs/308,2026-05-12,2026-06-04 21:15:30
51job-00309,产品经理,成都星河科技有限公司,10-25K,成都,武侯区,1-3年,不限,软件服务,20-99人,B轮,"需求分析,原型设计,项目管理,Figma",负责需求分析、产品规划和项目推进，熟悉原型设计工具和敏捷开发流程，具备跨团队沟通协调能力。,51job,https://51job.example.invalid/jobs/309,2026-05-23,2026-06-02 05:15:30
liepin-00310,Python 后端工程师,成都天府科技有限公司,14-27K,成都,成华区,1-3年,硕士,企业服务,20-99人,B轮,"Python,FastAPI,PostgreSQL,Redis,Docker",负责业务后端服务开发，参与系统架构设计，使用 Python、FastAPI、PostgreSQL、Redis、Docker 构建稳定高效的微服务接口。,liepin,https://liepin.example.invalid/jobs/310,2026-05-29,2026-06-03 01:15:30
boss-00311,UI 设计师,成都星河数据有限公司,8-18K,成都,成华区,1-3年,不限,互联网,100-499人,C轮及以上,"Figma,Photoshop,原型设计",负责产品界面设计、设计规范制定和交互细节优化，熟悉 Figma 和 PS，对用户体验有较高追求。,boss,https://boss.example.invalid/jobs/311,2026-03-29,2026-06-04 18:15:30
lagou-00312,数据分析师,成都宏图软件有限公司,10-18K,成都,双流区,1-3年,大专,教育培训,1000-9999人,C轮及以上,"SQL,Python,Excel,Tableau,数据分析,数据可视化",负责业务数据分析、指标体系建设和数据看板搭建，熟练 SQL、Excel 和 Python，能独立完成分析报告。,lagou,https://lagou.example.invalid/jobs/312,2026-05-22,2026-06-03 02:15:30
51job-00313,UI 设计师,成都鼎新软件有限公司,9-20K·13薪,成都,金牛区,3-5年,大专,教育培训,100-499人,B轮,"Figma,Photoshop,原型设计",负责产品界面设计、设计规范制定和交互细节优化，熟悉 Figma 和 PS，对用户体验有较高追求。,51job,https://51job.example.invalid/jobs/313,2026-03-26,2026-06-03 06:15:30
liepin-00314,测试工程师,成都云智信息有限公司,8-19K,成都,高新区,不限,本科,软件服务,100-499人,A轮,"Python,SQL,Linux",负责接口测试、自动化测试用例编写和质量保障，熟悉 Python 脚本和 SQL 查询，有 CI/CD 集成经验优先。,liepin,https://liepin.example.invalid/jobs/314,2026-05-31,2026-06-03 11:15:30
boss-00315,UI 设计师,成都锦城信息有限公司,9-15K,成都,高新区,3-5年,大专,软件服务,500-999人,A轮,"Figma,Photoshop,原型设计",负责产品界面设计、设计规范制定和交互细节优化，熟悉 Figma 和 PS，对用户体验有较高追求。,boss,https://boss.example.invalid/jobs/315,2026-04-07,2026-06-03 02:15:30
boss-00316,运维工程师,成都宏图科技有限公司,11-18K·14薪,成都,金牛区,3-5年,不限,智能制造,1000-9999人,未融资,"Linux,Docker,Kubernetes,Redis,MySQL",负责系统部署上线、监控告警和故障排查，熟悉 Linux、Docker 和 Kubernetes 容器编排。,boss,https://boss.example.invalid/jobs/316,2026-04-04,2026-06-04 01:15:30
boss-00317,测试工程师,成都博思科技有限公司,8-18K,成都,青羊区,不限,本科,教育培训,100-499人,A轮,"Python,SQL,Linux",负责接口测试、自动化测试用例编写和质量保障，熟悉 Python 脚本和 SQL 查询，有 CI/CD 集成经验优先。,boss,https://boss.example.invalid/jobs/317,2026-03-13,2026-06-04 22:15:30
liepin-00318,前端开发工程师,成都蓉创软件有限公司,7-23K,成都,武侯区,1-3年,本科,互联网,1000-9999人,C轮及以上,"JavaScript,TypeScript,React,Vue",负责 Web 前端开发，参与组件库建设和性能优化，熟悉 React/Vue 技术栈，有 TypeScript 项目经验。,liepin,https://liepin.example.invalid/jobs/318,2026-05-07,2026-06-02 16:15:30
liepin-00319,运维工程师,成都锦城软件有限公司,9-16K·14薪,成都,双流区,1-3年,硕士,金融科技,100-499人,C轮及以上,"Linux,Docker,Kubernetes,Redis,MySQL",负责系统部署上线、监控告警和故障排查，熟悉 Linux、Docker 和 Kubernetes 容器编排。,liepin,https://liepin.example.invalid/jobs/319,2026-03-07,2026-06-04 07:15:30
51job-00320,数据分析师,成都星河软件有限公司,7-16K·13薪,成都,双流区,3-5年,本科,软件服务,500-999人,A轮,"SQL,Python,Excel,Tableau,数据分析,数据可视化",负责业务数据分析、指标体系建设和数据看板搭建，熟练 SQL、Excel 和 Python，能独立完成分析报告。,51job,https://51job.example.invalid/jobs/320,2026-04-24,2026-06-04 12:15:30
liepin-00321,产品经理,成都天府信息有限公司,9-24K,成都,锦江区,1-3年,不限,互联网,20-99人,天使轮,"需求分析,原型设计,项目管理,Figma",负责需求分析、产品规划和项目推进，熟悉原型设计工具和敏捷开发流程，具备跨团队沟通协调能力。,liepin,https://liepin.example.invalid/jobs/321,2026-04-09,2026-06-04 18:15:30
boss-00322,产品经理,成都云智数据有限公司,8-24K,成都,成华区,1-3年,大专,教育培训,500-999人,C轮及以上,"需求分析,原型设计,项目管理,Figma",负责需求分析、产品规划和项目推进，熟悉原型设计工具和敏捷开发流程，具备跨团队沟通协调能力。,boss,https://boss.example.invalid/jobs/322,2026-04-08,2026-06-02 11:15:30
liepin-00323,数据开发工程师,成都云智数据有限公司,11-22K,成都,高新区,3-5年,不限,金融科技,20-99人,未融资,"SQL,Python,Spark,Hadoop,数据仓库",负责数据仓库建设和 ETL 流程开发，熟悉 Spark/Hive/Hadoop 生态，有海量数据处理经验优先。,liepin,https://liepin.example.invalid/jobs/323,2026-05-03,2026-06-04 02:15:30
boss-00324,算法工程师,成都天府软件有限公司,18-33K·14薪,成都,成华区,不限,本科,金融科技,20-99人,天使轮,"Python,机器学习,深度学习,C++",负责推荐/搜索/广告等算法模型开发与优化，熟悉主流深度学习框架，有实际业务落地经验。,boss,https://boss.example.invalid/jobs/324,2026-03-13,2026-06-02 22:15:30
boss-00325,电商运营,成都鼎新软件有限公司,8-11K·13薪,成都,青羊区,1-3年,不限,电子商务,500-999人,A轮,"电商运营,Excel,数据分析,用户增长",负责店铺运营、活动策划和数据复盘，具备天猫/京东等电商平台运营经验，善于数据驱动增长。,boss,https://boss.example.invalid/jobs/325,2026-03-29,2026-06-03 08:15:30
51job-00326,UI 设计师,成都蓉创信息有限公司,7-13K,成都,双流区,3-5年,硕士,智能制造,100-499人,未融资,"Figma,Photoshop,原型设计",负责产品界面设计、设计规范制定和交互细节优化，熟悉 Figma 和 PS，对用户体验有较高追求。,51job,https://51job.example.invalid/jobs/326,2026-06-01,2026-06-02 00:15:30
liepin-00327,算法工程师,成都博思数据有限公司,20-35K·14薪,成都,青羊区,3-5年,硕士,教育培训,100-499人,天使轮,"Python,机器学习,深度学习,C++",负责推荐/搜索/广告等算法模型开发与优化，熟悉主流深度学习框架，有实际业务落地经验。,liepin,https://liepin.example.invalid/jobs/327,2026-03-23,2026-06-04 04:15:30
51job-00328,UI 设计师,成都锦城数据有限公司,6-15K,成都,锦江区,不限,大专,电子商务,100-499人,上市公司,"Figma,Photoshop,原型设计",负责产品界面设计、设计规范制定和交互细节优化，熟悉 Figma 和 PS，对用户体验有较高追求。,51job,https://51job.example.invalid/jobs/328,2026-04-10,2026-06-04 05:15:30
liepin-00329,运维工程师,成都星河信息有限公司,10-19K,成都,成华区,不限,本科,教育培训,100-499人,C轮及以上,"Linux,Docker,Kubernetes,Redis,MySQL",负责系统部署上线、监控告警和故障排查，熟悉 Linux、Docker 和 Kubernetes 容器编排。,liepin,https://liepin.example.invalid/jobs/329,2026-05-16,2026-06-03 23:15:30
boss-00330,算法工程师,成都宏图数据有限公司,16-37K,成都,天府新区,5-10年,硕士,金融科技,100-499人,天使轮,"Python,机器学习,深度学习,C++",负责推荐/搜索/广告等算法模型开发与优化，熟悉主流深度学习框架，有实际业务落地经验。,boss,https://boss.example.invalid/jobs/330,2026-05-18,2026-06-02 07:15:30
51job-00331,Python 后端工程师,成都天府科技有限公司,13-21K,成都,双流区,5-10年,硕士,智能制造,500-999人,B轮,"Python,FastAPI,PostgreSQL,Redis,Docker",负责业务后端服务开发，参与系统架构设计，使用 Python、FastAPI、PostgreSQL、Redis、Docker 构建稳定高效的微服务接口。,51job,https://51job.example.invalid/jobs/331,2026-05-07,2026-06-03 22:15:30
51job-00332,运维工程师,成都云智科技有限公司,7-21K·13薪,成都,双流区,5-10年,不限,软件服务,1000-9999人,上市公司,"Linux,Docker,Kubernetes,Redis,MySQL",负责系统部署上线、监控告警和故障排查，熟悉 Linux、Docker 和 Kubernetes 容器编排。,51job,https://51job.example.invalid/jobs/332,2026-03-18,2026-06-02 03:15:30
lagou-00333,运维工程师,成都蓉创数据有限公司,11-15K·13薪,成都,成华区,1-3年,硕士,电子商务,20-99人,上市公司,"Linux,Docker,Kubernetes,Redis,MySQL",负责系统部署上线、监控告警和故障排查，熟悉 Linux、Docker 和 Kubernetes 容器编排。,lagou,https://lagou.example.invalid/jobs/333,2026-04-09,2026-06-02 21:15:30
boss-00334,电商运营,成都锦城软件有限公司,7-12K·13薪,成都,锦江区,3-5年,硕士,互联网,100-499人,B轮,"电商运营,Excel,数据分析,用户增长",负责店铺运营、活动策划和数据复盘，具备天猫/京东等电商平台运营经验，善于数据驱动增长。,boss,https://boss.example.invalid/jobs/334,2026-03-22,2026-06-02 02:15:30
51job-00335,电商运营,成都星河软件有限公司,4-15K,成都,锦江区,不限,硕士,智能制造,100-499人,B轮,"电商运营,Excel,数据分析,用户增长",负责店铺运营、活动策划和数据复盘，具备天猫/京东等电商平台运营经验，善于数据驱动增长。,51job,https://51job.example.invalid/jobs/335,2026-05-20,2026-06-04 12:15:30
lagou-00336,Python 后端工程师,成都云智软件有限公司,11-26K,成都,锦江区,3-5年,硕士,电子商务,100-499人,未融资,"Python,FastAPI,PostgreSQL,Redis,Docker",负责业务后端服务开发，参与系统架构设计，使用 Python、FastAPI、PostgreSQL、Redis、Docker 构建稳定高效的微服务接口。,lagou,https://lagou.example.invalid/jobs/336,2026-05-17,2026-06-04 01:15:30
boss-00337,Python 后端工程师,成都云智软件有限公司,14-25K,成都,天府新区,1-3年,硕士,金融科技,1000-9999人,B轮,"Python,FastAPI,PostgreSQL,Redis,Docker",负责业务后端服务开发，参与系统架构设计，使用 Python、FastAPI、PostgreSQL、Redis、Docker 构建稳定高效的微服务接口。,boss,https://boss.example.invalid/jobs/337,2026-04-02,2026-06-02 08:15:30
51job-00338,销售经理,成都锦城科技有限公司,4-20K,成都,青羊区,不限,大专,企业服务,20-99人,上市公司,"销售,客户沟通,渠道拓展",负责客户开发、商务谈判和渠道拓展，制定销售策略并完成业绩指标，具备较强的客户沟通能力。,51job,https://51job.example.invalid/jobs/338,2026-05-29,2026-06-04 00:15:30
boss-00339,产品经理,成都锦城数据有限公司,10-20K·14薪,成都,武侯区,1-3年,硕士,智能制造,500-999人,未融资,"需求分析,原型设计,项目管理,Figma",负责需求分析、产品规划和项目推进，熟悉原型设计工具和敏捷开发流程，具备跨团队沟通协调能力。,boss,https://boss.example.invalid/jobs/339,2026-04-12,2026-06-04 01:15:30
boss-00340,测试工程师,成都蓉创软件有限公司,7-18K,成都,双流区,不限,本科,电子商务,1000-9999人,C轮及以上,"Python,SQL,Linux",负责接口测试、自动化测试用例编写和质量保障，熟悉 Python 脚本和 SQL 查询，有 CI/CD 集成经验优先。,boss,https://boss.example.invalid/jobs/340,2026-03-26,2026-06-04 15:15:30
boss-00341,销售经理,成都博思数据有限公司,4-18K,成都,天府新区,3-5年,大专,教育培训,1000-9999人,C轮及以上,"销售,客户沟通,渠道拓展",负责客户开发、商务谈判和渠道拓展，制定销售策略并完成业绩指标，具备较强的客户沟通能力。,boss,https://boss.example.invalid/jobs/341,2026-03-08,2026-06-03 11:15:30
51job-00342,前端开发工程师,成都云智软件有限公司,11-20K,成都,青羊区,1-3年,硕士,金融科技,20-99人,A轮,"JavaScript,TypeScript,React,Vue",负责 Web 前端开发，参与组件库建设和性能优化，熟悉 React/Vue 技术栈，有 TypeScript 项目经验。,51job,https://51job.example.invalid/jobs/342,2026-06-04,2026-06-04 08:15:30
lagou-00343,算法工程师,成都蓉创数据有限公司,17-32K·14薪,成都,成华区,3-5年,不限,互联网,500-999人,A轮,"Python,机器学习,深度学习,C++",负责推荐/搜索/广告等算法模型开发与优化，熟悉主流深度学习框架，有实际业务落地经验。,lagou,https://lagou.example.invalid/jobs/343,2026-05-03,2026-06-04 15:15:30
lagou-00344,销售经理,成都宏图科技有限公司,4-19K,成都,金牛区,5-10年,大专,智能制造,1000-9999人,C轮及以上,"销售,客户沟通,渠道拓展",负责客户开发、商务谈判和渠道拓展，制定销售策略并完成业绩指标，具备较强的客户沟通能力。,lagou,https://lagou.example.invalid/jobs/344,2026-04-22,2026-06-02 10:15:30
51job-00345,运维工程师,成都鼎新科技有限公司,7-19K,成都,高新区,3-5年,不限,电子商务,1000-9999人,上市公司,"Linux,Docker,Kubernetes,Redis,MySQL",负责系统部署上线、监控告警和故障排查，熟悉 Linux、Docker 和 Kubernetes 容器编排。,51job,https://51job.example.invalid/jobs/345,2026-05-09,2026-06-03 05:15:30
lagou-00346,销售经理,成都云智数据有限公司,8-23K·13薪,成都,武侯区,不限,硕士,软件服务,500-999人,B轮,"销售,客户沟通,渠道拓展",负责客户开发、商务谈判和渠道拓展，制定销售策略并完成业绩指标，具备较强的客户沟通能力。,lagou,https://lagou.example.invalid/jobs/346,2026-04-26,2026-06-03 07:15:30
boss-00347,UI 设计师,成都星河软件有限公司,7-15K·14薪,成都,金牛区,不限,硕士,教育培训,100-499人,天使轮,"Figma,Photoshop,原型设计",负责产品界面设计、设计规范制定和交互细节优化，熟悉 Figma 和 PS，对用户体验有较高追求。,boss,https://boss.example.invalid/jobs/347,2026-05-31,2026-06-03 22:15:30
51job-00348,数据开发工程师,成都锦城信息有限公司,14-26K,成都,锦江区,5-10年,硕士,智能制造,20-99人,未融资,"SQL,Python,Spark,Hadoop,数据仓库",负责数据仓库建设和 ETL 流程开发，熟悉 Spark/Hive/Hadoop 生态，有海量数据处理经验优先。,51job,https://51job.example.invalid/jobs/348,2026-05-23,2026-06-02 05:15:30
51job-00349,算法工程师,成都蓉创科技有限公司,20-33K·14薪,成都,天府新区,3-5年,大专,电子商务,100-499人,天使轮,"Python,机器学习,深度学习,C++",负责推荐/搜索/广告等算法模型开发与优化，熟悉主流深度学习框架，有实际业务落地经验。,51job,https://51job.example.invalid/jobs/349,2026-05-30,2026-06-04 10:15:30
boss-00350,UI 设计师,成都蓉创科技有限公司,7-20K,成都,成华区,不限,大专,教育培训,500-999人,C轮及以上,"Figma,Photoshop,原型设计",负责产品界面设计、设计规范制定和交互细节优化，熟悉 Figma 和 PS，对用户体验有较高追求。,boss,https://boss.example.invalid/jobs/350,2026-05-16,2026-06-04 03:15:30
lagou-00351,前端开发工程师,成都宏图科技有限公司,9-20K,成都,武侯区,不限,硕士,智能制造,20-99人,未融资,"JavaScript,TypeScript,React,Vue",负责 Web 前端开发，参与组件库建设和性能优化，熟悉 React/Vue 技术栈，有 TypeScript 项目经验。,lagou,https://lagou.example.invalid/jobs/351,2026-04-26,2026-06-03 04:15:30
lagou-00352,Java 开发工程师,成都蓉创数据有限公司,11-25K,成都,天府新区,不限,硕士,教育培训,100-499人,未融资,"Java,Spring Boot,MySQL,Redis,Linux",负责 Java 后端系统开发与维护，熟悉 Spring Boot、MySQL、Redis 和 Linux 环境部署，有分布式项目经验优先。,lagou,https://lagou.example.invalid/jobs/352,2026-03-18,2026-06-03 02:15:30
liepin-00353,电商运营,成都蓉创数据有限公司,6-18K·13薪,成都,青羊区,1-3年,本科,企业服务,500-999人,B轮,"电商运营,Excel,数据分析,用户增长",负责店铺运营、活动策划和数据复盘，具备天猫/京东等电商平台运营经验，善于数据驱动增长。,liepin,https://liepin.example.invalid/jobs/353,2026-05-07,2026-06-04 05:15:30
51job-00354,Java 开发工程师,成都蓉创数据有限公司,11-20K·14薪,成都,天府新区,1-3年,不限,金融科技,20-99人,A轮,"Java,Spring Boot,MySQL,Redis,Linux",负责 Java 后端系统开发与维护，熟悉 Spring Boot、MySQL、Redis 和 Linux 环境部署，有分布式项目经验优先。,51job,https://51job.example.invalid/jobs/354,2026-04-06,2026-06-04 02:15:30
liepin-00355,产品经理,成都锦城软件有限公司,12-26K·13薪,成都,双流区,不限,本科,软件服务,1000-9999人,B轮,"需求分析,原型设计,项目管理,Figma",负责需求分析、产品规划和项目推进，熟悉原型设计工具和敏捷开发流程，具备跨团队沟通协调能力。,liepin,https://liepin.example.invalid/jobs/355,2026-05-05,2026-06-03 16:15:30
boss-00356,UI 设计师,成都鼎新科技有限公司,6-15K·13薪,成都,天府新区,1-3年,本科,金融科技,20-99人,C轮及以上,"Figma,Photoshop,原型设计",负责产品界面设计、设计规范制定和交互细节优化，熟悉 Figma 和 PS，对用户体验有较高追求。,boss,https://boss.example.invalid/jobs/356,2026-05-21,2026-06-02 12:15:30
boss-00357,运维工程师,成都云智信息有限公司,9-22K,成都,武侯区,5-10年,本科,金融科技,1000-9999人,天使轮,"Linux,Docker,Kubernetes,Redis,MySQL",负责系统部署上线、监控告警和故障排查，熟悉 Linux、Docker 和 Kubernetes 容器编排。,boss,https://boss.example.invalid/jobs/357,2026-05-08,2026-06-04 06:15:30
liepin-00358,产品经理,成都博思信息有限公司,12-23K,成都,金牛区,不限,本科,教育培训,20-99人,未融资,"需求分析,原型设计,项目管理,Figma",负责需求分析、产品规划和项目推进，熟悉原型设计工具和敏捷开发流程，具备跨团队沟通协调能力。,liepin,https://liepin.example.invalid/jobs/358,2026-05-24,2026-06-04 22:15:30
lagou-00359,Java 开发工程师,成都鼎新软件有限公司,10-19K·13薪,成都,双流区,5-10年,硕士,教育培训,100-499人,上市公司,"Java,Spring Boot,MySQL,Redis,Linux",负责 Java 后端系统开发与维护，熟悉 Spring Boot、MySQL、Redis 和 Linux 环境部署，有分布式项目经验优先。,lagou,https://lagou.example.invalid/jobs/359,2026-03-07,2026-06-02 21:15:30
51job-00360,前端开发工程师,成都锦城信息有限公司,8-23K,成都,双流区,不限,不限,软件服务,1000-9999人,上市公司,"JavaScript,TypeScript,React,Vue",负责 Web 前端开发，参与组件库建设和性能优化，熟悉 React/Vue 技术栈，有 TypeScript 项目经验。,51job,https://51job.example.invalid/jobs/360,2026-05-16,2026-06-03 11:15:30
liepin-00361,Java 开发工程师,成都宏图软件有限公司,9-25K·14薪,成都,双流区,5-10年,硕士,电子商务,100-499人,天使轮,"Java,Spring Boot,MySQL,Redis,Linux",负责 Java 后端系统开发与维护，熟悉 Spring Boot、MySQL、Redis 和 Linux 环境部署，有分布式项目经验优先。,liepin,https://liepin.example.invalid/jobs/361,2026-03-17,2026-06-04 00:15:30
lagou-00362,Python 后端工程师,成都鼎新科技有限公司,14-28K,成都,成华区,5-10年,本科,互联网,1000-9999人,上市公司,"Python,FastAPI,PostgreSQL,Redis,Docker",负责业务后端服务开发，参与系统架构设计，使用 Python、FastAPI、PostgreSQL、Redis、Docker 构建稳定高效的微服务接口。,lagou,https://lagou.example.invalid/jobs/362,2026-04-13,2026-06-02 02:15:30
liepin-00363,数据开发工程师,成都天府软件有限公司,14-26K,成都,武侯区,3-5年,不限,电子商务,20-99人,B轮,"SQL,Python,Spark,Hadoop,数据仓库",负责数据仓库建设和 ETL 流程开发，熟悉 Spark/Hive/Hadoop 生态，有海量数据处理经验优先。,liepin,https://liepin.example.invalid/jobs/363,2026-03-30,2026-06-04 12:15:30
liepin-00364,电商运营,成都锦城科技有限公司,8-16K·14薪,成都,金牛区,3-5年,本科,互联网,1000-9999人,C轮及以上,"电商运营,Excel,数据分析,用户增长",负责店铺运营、活动策划和数据复盘，具备天猫/京东等电商平台运营经验，善于数据驱动增长。,liepin,https://liepin.example.invalid/jobs/364,2026-04-28,2026-06-03 10:15:30
51job-00365,Python 后端工程师,成都星河数据有限公司,12-21K,成都,天府新区,1-3年,本科,电子商务,500-999人,未融资,"Python,FastAPI,PostgreSQL,Redis,Docker",负责业务后端服务开发，参与系统架构设计，使用 Python、FastAPI、PostgreSQL、Redis、Docker 构建稳定高效的微服务接口。,51job,https://51job.example.invalid/jobs/365,2026-05-25,2026-06-04 07:15:30
liepin-00366,前端开发工程师,成都天府软件有限公司,11-19K,成都,金牛区,不限,本科,互联网,100-499人,C轮及以上,"JavaScript,TypeScript,React,Vue",负责 Web 前端开发，参与组件库建设和性能优化，熟悉 React/Vue 技术栈，有 TypeScript 项目经验。,liepin,https://liepin.example.invalid/jobs/366,2026-05-13,2026-06-03 14:15:30
liepin-00367,运维工程师,成都云智数据有限公司,10-18K,成都,锦江区,不限,大专,金融科技,1000-9999人,B轮,"Linux,Docker,Kubernetes,Redis,MySQL",负责系统部署上线、监控告警和故障排查，熟悉 Linux、Docker 和 Kubernetes 容器编排。,liepin,https://liepin.example.invalid/jobs/367,2026-05-09,2026-06-03 03:15:30
liepin-00368,数据开发工程师,成都锦城软件有限公司,14-25K,成都,双流区,3-5年,硕士,金融科技,500-999人,C轮及以上,"SQL,Python,Spark,Hadoop,数据仓库",负责数据仓库建设和 ETL 流程开发，熟悉 Spark/Hive/Hadoop 生态，有海量数据处理经验优先。,liepin,https://liepin.example.invalid/jobs/368,2026-04-05,2026-06-03 14:15:30
51job-00369,UI 设计师,成都星河数据有限公司,7-19K·14薪,成都,金牛区,5-10年,硕士,企业服务,100-499人,上市公司,"Figma,Photoshop,原型设计",负责产品界面设计、设计规范制定和交互细节优化，熟悉 Figma 和 PS，对用户体验有较高追求。,51job,https://51job.example.invalid/jobs/369,2026-05-01,2026-06-03 13:15:30
51job-00370,UI 设计师,成都星河科技有限公司,7-15K·13薪,成都,高新区,不限,不限,智能制造,1000-9999人,A轮,"Figma,Photoshop,原型设计",负责产品界面设计、设计规范制定和交互细节优化，熟悉 Figma 和 PS，对用户体验有较高追求。,51job,https://51job.example.invalid/jobs/370,2026-03-10,2026-06-04 22:15:30
boss-00371,产品经理,成都星河科技有限公司,9-19K,成都,武侯区,1-3年,硕士,智能制造,100-499人,未融资,"需求分析,原型设计,项目管理,Figma",负责需求分析、产品规划和项目推进，熟悉原型设计工具和敏捷开发流程，具备跨团队沟通协调能力。,boss,https://boss.example.invalid/jobs/371,2026-05-28,2026-06-03 20:15:30
liepin-00372,产品经理,成都蓉创信息有限公司,11-20K,成都,成华区,3-5年,不限,金融科技,1000-9999人,A轮,"需求分析,原型设计,项目管理,Figma",负责需求分析、产品规划和项目推进，熟悉原型设计工具和敏捷开发流程，具备跨团队沟通协调能力。,liepin,https://liepin.example.invalid/jobs/372,2026-04-11,2026-06-03 06:15:30
boss-00373,产品经理,成都锦城软件有限公司,9-26K,成都,天府新区,1-3年,硕士,软件服务,20-99人,B轮,"需求分析,原型设计,项目管理,Figma",负责需求分析、产品规划和项目推进，熟悉原型设计工具和敏捷开发流程，具备跨团队沟通协调能力。,boss,https://boss.example.invalid/jobs/373,2026-05-10,2026-06-02 21:15:30
51job-00374,Python 后端工程师,成都锦城科技有限公司,10-22K,成都,天府新区,5-10年,本科,软件服务,500-999人,B轮,"Python,FastAPI,PostgreSQL,Redis,Docker",负责业务后端服务开发，参与系统架构设计，使用 Python、FastAPI、PostgreSQL、Redis、Docker 构建稳定高效的微服务接口。,51job,https://51job.example.invalid/jobs/374,2026-06-02,2026-06-02 08:15:30
liepin-00375,UI 设计师,成都天府科技有限公司,8-20K·13薪,成都,双流区,5-10年,不限,教育培训,500-999人,A轮,"Figma,Photoshop,原型设计",负责产品界面设计、设计规范制定和交互细节优化，熟悉 Figma 和 PS，对用户体验有较高追求。,liepin,https://liepin.example.invalid/jobs/375,2026-05-27,2026-06-02 02:15:30
51job-00376,Python 后端工程师,成都天府信息有限公司,10-26K·14薪,成都,武侯区,不限,硕士,智能制造,100-499人,A轮,"Python,FastAPI,PostgreSQL,Redis,Docker",负责业务后端服务开发，参与系统架构设计，使用 Python、FastAPI、PostgreSQL、Redis、Docker 构建稳定高效的微服务接口。,51job,https://51job.example.invalid/jobs/376,2026-04-07,2026-06-03 10:15:30
boss-00377,算法工程师,成都云智信息有限公司,18-39K,成都,天府新区,1-3年,硕士,金融科技,20-99人,C轮及以上,"Python,机器学习,深度学习,C++",负责推荐/搜索/广告等算法模型开发与优化，熟悉主流深度学习框架，有实际业务落地经验。,boss,https://boss.example.invalid/jobs/377,2026-05-11,2026-06-04 06:15:30
boss-00378,UI 设计师,成都云智软件有限公司,8-13K,成都,金牛区,1-3年,硕士,智能制造,100-499人,上市公司,"Figma,Photoshop,原型设计",负责产品界面设计、设计规范制定和交互细节优化，熟悉 Figma 和 PS，对用户体验有较高追求。,boss,https://boss.example.invalid/jobs/378,2026-05-28,2026-06-03 04:15:30
liepin-00379,Java 开发工程师,成都天府信息有限公司,8-21K,成都,高新区,1-3年,不限,电子商务,20-99人,B轮,"Java,Spring Boot,MySQL,Redis,Linux",负责 Java 后端系统开发与维护，熟悉 Spring Boot、MySQL、Redis 和 Linux 环境部署，有分布式项目经验优先。,liepin,https://liepin.example.invalid/jobs/379,2026-04-05,2026-06-04 18:15:30
boss-00380,销售经理,成都星河信息有限公司,4-18K·13薪,成都,天府新区,3-5年,硕士,电子商务,20-99人,上市公司,"销售,客户沟通,渠道拓展",负责客户开发、商务谈判和渠道拓展，制定销售策略并完成业绩指标，具备较强的客户沟通能力。,boss,https://boss.example.invalid/jobs/380,2026-03-20,2026-06-03 19:15:30
boss-00381,前端开发工程师,成都星河数据有限公司,9-20K,成都,锦江区,5-10年,大专,智能制造,500-999人,C轮及以上,"JavaScript,TypeScript,React,Vue",负责 Web 前端开发，参与组件库建设和性能优化，熟悉 React/Vue 技术栈，有 TypeScript 项目经验。,boss,https://boss.example.invalid/jobs/381,2026-04-23,2026-06-04 15:15:30
lagou-00382,数据分析师,成都锦城科技有限公司,10-15K·13薪,成都,武侯区,不限,不限,互联网,100-499人,未融资,"SQL,Python,Excel,Tableau,数据分析,数据可视化",负责业务数据分析、指标体系建设和数据看板搭建，熟练 SQL、Excel 和 Python，能独立完成分析报告。,lagou,https://lagou.example.invalid/jobs/382,2026-03-16,2026-06-02 23:15:30
lagou-00383,运维工程师,成都宏图软件有限公司,10-17K,成都,锦江区,1-3年,不限,教育培训,100-499人,上市公司,"Linux,Docker,Kubernetes,Redis,MySQL",负责系统部署上线、监控告警和故障排查，熟悉 Linux、Docker 和 Kubernetes 容器编排。,lagou,https://lagou.example.invalid/jobs/383,2026-03-15,2026-06-03 13:15:30
liepin-00384,Java 开发工程师,成都天府科技有限公司,10-24K·14薪,成都,高新区,不限,本科,企业服务,100-499人,B轮,"Java,Spring Boot,MySQL,Redis,Linux",负责 Java 后端系统开发与维护，熟悉 Spring Boot、MySQL、Redis 和 Linux 环境部署，有分布式项目经验优先。,liepin,https://liepin.example.invalid/jobs/384,2026-03-25,2026-06-03 17:15:30
lagou-00385,Python 后端工程师,成都锦城科技有限公司,11-22K,成都,天府新区,3-5年,本科,软件服务,1000-9999人,A轮,"Python,FastAPI,PostgreSQL,Redis,Docker",负责业务后端服务开发，参与系统架构设计，使用 Python、FastAPI、PostgreSQL、Redis、Docker 构建稳定高效的微服务接口。,lagou,https://lagou.example.invalid/jobs/385,2026-04-02,2026-06-04 01:15:30
boss-00386,电商运营,成都宏图科技有限公司,4-12K,成都,锦江区,1-3年,硕士,教育培训,500-999人,B轮,"电商运营,Excel,数据分析,用户增长",负责店铺运营、活动策划和数据复盘，具备天猫/京东等电商平台运营经验，善于数据驱动增长。,boss,https://boss.example.invalid/jobs/386,2026-05-15,2026-06-04 20:15:30
lagou-00387,数据分析师,成都天府软件有限公司,6-20K,成都,武侯区,不限,硕士,教育培训,1000-9999人,未融资,"SQL,Python,Excel,Tableau,数据分析,数据可视化",负责业务数据分析、指标体系建设和数据看板搭建，熟练 SQL、Excel 和 Python，能独立完成分析报告。,lagou,https://lagou.example.invalid/jobs/387,2026-05-05,2026-06-02 19:15:30
lagou-00388,数据分析师,成都宏图信息有限公司,10-22K,成都,双流区,3-5年,大专,电子商务,100-499人,未融资,"SQL,Python,Excel,Tableau,数据分析,数据可视化",负责业务数据分析、指标体系建设和数据看板搭建，熟练 SQL、Excel 和 Python，能独立完成分析报告。,lagou,https://lagou.example.invalid/jobs/388,2026-04-18,2026-06-04 06:15:30
liepin-00389,产品经理,成都鼎新信息有限公司,9-20K,成都,天府新区,1-3年,大专,教育培训,100-499人,未融资,"需求分析,原型设计,项目管理,Figma",负责需求分析、产品规划和项目推进，熟悉原型设计工具和敏捷开发流程，具备跨团队沟通协调能力。,liepin,https://liepin.example.invalid/jobs/389,2026-04-12,2026-06-04 02:15:30
liepin-00390,电商运营,成都天府信息有限公司,5-18K,成都,成华区,5-10年,大专,教育培训,100-499人,C轮及以上,"电商运营,Excel,数据分析,用户增长",负责店铺运营、活动策划和数据复盘，具备天猫/京东等电商平台运营经验，善于数据驱动增长。,liepin,https://liepin.example.invalid/jobs/390,2026-06-03,2026-06-02 17:15:30
boss-00391,Python 后端工程师,成都宏图科技有限公司,10-28K·13薪,成都,双流区,5-10年,大专,互联网,20-99人,上市公司,"Python,FastAPI,PostgreSQL,Redis,Docker",负责业务后端服务开发，参与系统架构设计，使用 Python、FastAPI、PostgreSQL、Redis、Docker 构建稳定高效的微服务接口。,boss,https://boss.example.invalid/jobs/391,2026-03-29,2026-06-02 21:15:30
lagou-00392,前端开发工程师,成都蓉创信息有限公司,9-21K·13薪,成都,武侯区,不限,硕士,金融科技,100-499人,上市公司,"JavaScript,TypeScript,React,Vue",负责 Web 前端开发，参与组件库建设和性能优化，熟悉 React/Vue 技术栈，有 TypeScript 项目经验。,lagou,https://lagou.example.invalid/jobs/392,2026-06-02,2026-06-02 10:15:30
boss-00393,测试工程师,成都云智数据有限公司,8-12K·13薪,成都,双流区,3-5年,大专,企业服务,20-99人,C轮及以上,"Python,SQL,Linux",负责接口测试、自动化测试用例编写和质量保障，熟悉 Python 脚本和 SQL 查询，有 CI/CD 集成经验优先。,boss,https://boss.example.invalid/jobs/393,2026-03-08,2026-06-03 05:15:30
boss-00394,UI 设计师,成都云智数据有限公司,7-13K,成都,双流区,1-3年,不限,教育培训,100-499人,天使轮,"Figma,Photoshop,原型设计",负责产品界面设计、设计规范制定和交互细节优化，熟悉 Figma 和 PS，对用户体验有较高追求。,boss,https://boss.example.invalid/jobs/394,2026-04-19,2026-06-02 12:15:30
lagou-00395,UI 设计师,成都蓉创软件有限公司,5-20K,成都,青羊区,不限,不限,电子商务,500-999人,B轮,"Figma,Photoshop,原型设计",负责产品界面设计、设计规范制定和交互细节优化，熟悉 Figma 和 PS，对用户体验有较高追求。,lagou,https://lagou.example.invalid/jobs/395,2026-04-24,2026-06-03 02:15:30
51job-00396,UI 设计师,成都星河信息有限公司,5-20K·13薪,成都,天府新区,不限,不限,金融科技,100-499人,A轮,"Figma,Photoshop,原型设计",负责产品界面设计、设计规范制定和交互细节优化，熟悉 Figma 和 PS，对用户体验有较高追求。,51job,https://51job.example.invalid/jobs/396,2026-03-17,2026-06-03 00:15:30
lagou-00397,前端开发工程师,成都云智数据有限公司,9-18K·13薪,成都,天府新区,1-3年,硕士,电子商务,1000-9999人,B轮,"JavaScript,TypeScript,React,Vue",负责 Web 前端开发，参与组件库建设和性能优化，熟悉 React/Vue 技术栈，有 TypeScript 项目经验。,lagou,https://lagou.example.invalid/jobs/397,2026-05-16,2026-06-03 21:15:30
lagou-00398,数据分析师,成都鼎新软件有限公司,6-15K·14薪,成都,金牛区,5-10年,硕士,电子商务,100-499人,A轮,"SQL,Python,Excel,Tableau,数据分析,数据可视化",负责业务数据分析、指标体系建设和数据看板搭建，熟练 SQL、Excel 和 Python，能独立完成分析报告。,lagou,https://lagou.example.invalid/jobs/398,2026-04-13,2026-06-03 04:15:30
51job-00399,数据分析师,成都蓉创软件有限公司,9-20K,成都,高新区,1-3年,本科,软件服务,100-499人,上市公司,"SQL,Python,Excel,Tableau,数据分析,数据可视化",负责业务数据分析、指标体系建设和数据看板搭建，熟练 SQL、Excel 和 Python，能独立完成分析报告。,51job,https://51job.example.invalid/jobs/399,2026-05-17,2026-06-03 02:15:30
51job-00400,数据分析师,成都鼎新信息有限公司,6-15K,成都,锦江区,不限,本科,电子商务,100-499人,A轮,"SQL,Python,Excel,Tableau,数据分析,数据可视化",负责业务数据分析、指标体系建设和数据看板搭建，熟练 SQL、Excel 和 Python，能独立完成分析报告。,51job,https://51job.example.invalid/jobs/400,2026-04-09,2026-06-03 14:15:30
boss-00401,前端开发工程师,成都锦城软件有限公司,11-21K,成都,高新区,1-3年,不限,智能制造,500-999人,上市公司,"JavaScript,TypeScript,React,Vue",负责 Web 前端开发，参与组件库建设和性能优化，熟悉 React/Vue 技术栈，有 TypeScript 项目经验。,boss,https://boss.example.invalid/jobs/401,2026-04-14,2026-06-02 08:15:30
liepin-00402,产品经理,成都宏图科技有限公司,12-21K,成都,金牛区,不限,本科,互联网,1000-9999人,C轮及以上,"需求分析,原型设计,项目管理,Figma",负责需求分析、产品规划和项目推进，熟悉原型设计工具和敏捷开发流程，具备跨团队沟通协调能力。,liepin,https://liepin.example.invalid/jobs/402,2026-03-08,2026-06-04 09:15:30
boss-00403,测试工程师,成都天府数据有限公司,5-17K,成都,青羊区,不限,不限,教育培训,1000-9999人,上市公司,"Python,SQL,Linux",负责接口测试、自动化测试用例编写和质量保障，熟悉 Python 脚本和 SQL 查询，有 CI/CD 集成经验优先。,boss,https://boss.example.invalid/jobs/403,2026-03-22,2026-06-02 04:15:30
51job-00404,运维工程师,成都博思信息有限公司,8-22K·13薪,成都,高新区,3-5年,硕士,电子商务,20-99人,A轮,"Linux,Docker,Kubernetes,Redis,MySQL",负责系统部署上线、监控告警和故障排查，熟悉 Linux、Docker 和 Kubernetes 容器编排。,51job,https://51job.example.invalid/jobs/404,2026-03-11,2026-06-03 01:15:30
lagou-00405,产品经理,成都蓉创信息有限公司,11-20K·13薪,成都,天府新区,5-10年,大专,企业服务,20-99人,天使轮,"需求分析,原型设计,项目管理,Figma",负责需求分析、产品规划和项目推进，熟悉原型设计工具和敏捷开发流程，具备跨团队沟通协调能力。,lagou,https://lagou.example.invalid/jobs/405,2026-04-12,2026-06-02 15:15:30
boss-00406,电商运营,成都博思数据有限公司,8-16K·13薪,成都,双流区,1-3年,硕士,智能制造,100-499人,天使轮,"电商运营,Excel,数据分析,用户增长",负责店铺运营、活动策划和数据复盘，具备天猫/京东等电商平台运营经验，善于数据驱动增长。,boss,https://boss.example.invalid/jobs/406,2026-05-24,2026-06-04 23:15:30
boss-00407,产品经理,成都宏图软件有限公司,12-26K,成都,成华区,不限,不限,软件服务,500-999人,A轮,"需求分析,原型设计,项目管理,Figma",负责需求分析、产品规划和项目推进，熟悉原型设计工具和敏捷开发流程，具备跨团队沟通协调能力。,boss,https://boss.example.invalid/jobs/407,2026-03-22,2026-06-03 09:15:30
lagou-00408,算法工程师,成都云智科技有限公司,18-38K,成都,天府新区,5-10年,不限,教育培训,500-999人,C轮及以上,"Python,机器学习,深度学习,C++",负责推荐/搜索/广告等算法模型开发与优化，熟悉主流深度学习框架，有实际业务落地经验。,lagou,https://lagou.example.invalid/jobs/408,2026-03-08,2026-06-03 16:15:30
boss-00409,运维工程师,成都蓉创信息有限公司,9-22K·14薪,成都,金牛区,不限,大专,电子商务,1000-9999人,上市公司,"Linux,Docker,Kubernetes,Redis,MySQL",负责系统部署上线、监控告警和故障排查，熟悉 Linux、Docker 和 Kubernetes 容器编排。,boss,https://boss.example.invalid/jobs/409,2026-03-31,2026-06-04 21:15:30
51job-00410,前端开发工程师,成都云智数据有限公司,7-21K,成都,双流区,不限,大专,企业服务,100-499人,未融资,"JavaScript,TypeScript,React,Vue",负责 Web 前端开发，参与组件库建设和性能优化，熟悉 React/Vue 技术栈，有 TypeScript 项目经验。,51job,https://51job.example.invalid/jobs/410,2026-03-15,2026-06-03 02:15:30
51job-00411,UI 设计师,成都星河数据有限公司,7-18K,成都,成华区,不限,大专,教育培训,500-999人,A轮,"Figma,Photoshop,原型设计",负责产品界面设计、设计规范制定和交互细节优化，熟悉 Figma 和 PS，对用户体验有较高追求。,51job,https://51job.example.invalid/jobs/411,2026-03-09,2026-06-03 01:15:30
lagou-00412,测试工程师,成都天府科技有限公司,6-13K·13薪,成都,锦江区,5-10年,不限,互联网,100-499人,未融资,"Python,SQL,Linux",负责接口测试、自动化测试用例编写和质量保障，熟悉 Python 脚本和 SQL 查询，有 CI/CD 集成经验优先。,lagou,https://lagou.example.invalid/jobs/412,2026-04-01,2026-06-03 19:15:30
liepin-00413,产品经理,成都云智科技有限公司,10-21K,成都,金牛区,1-3年,大专,智能制造,100-499人,A轮,"需求分析,原型设计,项目管理,Figma",负责需求分析、产品规划和项目推进，熟悉原型设计工具和敏捷开发流程，具备跨团队沟通协调能力。,liepin,https://liepin.example.invalid/jobs/413,2026-05-13,2026-06-03 09:15:30
boss-00414,前端开发工程师,成都博思科技有限公司,7-23K,成都,武侯区,不限,不限,企业服务,20-99人,B轮,"JavaScript,TypeScript,React,Vue",负责 Web 前端开发，参与组件库建设和性能优化，熟悉 React/Vue 技术栈，有 TypeScript 项目经验。,boss,https://boss.example.invalid/jobs/414,2026-06-02,2026-06-02 10:15:30
boss-00415,Python 后端工程师,成都天府信息有限公司,10-25K,成都,武侯区,不限,不限,软件服务,500-999人,C轮及以上,"Python,FastAPI,PostgreSQL,Redis,Docker",负责业务后端服务开发，参与系统架构设计，使用 Python、FastAPI、PostgreSQL、Redis、Docker 构建稳定高效的微服务接口。,boss,https://boss.example.invalid/jobs/415,2026-05-20,2026-06-03 21:15:30
boss-00416,前端开发工程师,成都天府信息有限公司,11-20K,成都,武侯区,1-3年,不限,智能制造,20-99人,天使轮,"JavaScript,TypeScript,React,Vue",负责 Web 前端开发，参与组件库建设和性能优化，熟悉 React/Vue 技术栈，有 TypeScript 项目经验。,boss,https://boss.example.invalid/jobs/416,2026-03-22,2026-06-04 22:15:30
liepin-00417,测试工程师,成都博思软件有限公司,9-14K,成都,武侯区,1-3年,硕士,互联网,500-999人,未融资,"Python,SQL,Linux",负责接口测试、自动化测试用例编写和质量保障，熟悉 Python 脚本和 SQL 查询，有 CI/CD 集成经验优先。,liepin,https://liepin.example.invalid/jobs/417,2026-05-12,2026-06-03 02:15:30
51job-00418,UI 设计师,成都星河数据有限公司,6-20K·13薪,成都,成华区,不限,硕士,电子商务,1000-9999人,C轮及以上,"Figma,Photoshop,原型设计",负责产品界面设计、设计规范制定和交互细节优化，熟悉 Figma 和 PS，对用户体验有较高追求。,51job,https://51job.example.invalid/jobs/418,2026-03-25,2026-06-04 18:15:30
51job-00419,数据分析师,成都宏图数据有限公司,10-21K,成都,双流区,不限,硕士,智能制造,20-99人,B轮,"SQL,Python,Excel,Tableau,数据分析,数据可视化",负责业务数据分析、指标体系建设和数据看板搭建，熟练 SQL、Excel 和 Python，能独立完成分析报告。,51job,https://51job.example.invalid/jobs/419,2026-05-11,2026-06-04 15:15:30
lagou-00420,算法工程师,成都锦城科技有限公司,16-33K,成都,双流区,1-3年,本科,软件服务,1000-9999人,未融资,"Python,机器学习,深度学习,C++",负责推荐/搜索/广告等算法模型开发与优化，熟悉主流深度学习框架，有实际业务落地经验。,lagou,https://lagou.example.invalid/jobs/420,2026-04-14,2026-06-04 10:15:30
51job-00421,数据开发工程师,成都博思软件有限公司,13-26K·14薪,成都,双流区,3-5年,大专,企业服务,1000-9999人,未融资,"SQL,Python,Spark,Hadoop,数据仓库",负责数据仓库建设和 ETL 流程开发，熟悉 Spark/Hive/Hadoop 生态，有海量数据处理经验优先。,51job,https://51job.example.invalid/jobs/421,2026-04-20,2026-06-02 11:15:30
lagou-00422,电商运营,成都星河软件有限公司,7-14K,成都,高新区,1-3年,硕士,教育培训,500-999人,天使轮,"电商运营,Excel,数据分析,用户增长",负责店铺运营、活动策划和数据复盘，具备天猫/京东等电商平台运营经验，善于数据驱动增长。,lagou,https://lagou.example.invalid/jobs/422,2026-05-23,2026-06-04 17:15:30
liepin-00423,销售经理,成都宏图软件有限公司,4-18K·14薪,成都,天府新区,3-5年,本科,企业服务,20-99人,未融资,"销售,客户沟通,渠道拓展",负责客户开发、商务谈判和渠道拓展，制定销售策略并完成业绩指标，具备较强的客户沟通能力。,liepin,https://liepin.example.invalid/jobs/423,2026-05-10,2026-06-03 10:15:30
liepin-00424,运维工程师,成都云智信息有限公司,10-20K·14薪,成都,天府新区,3-5年,大专,金融科技,1000-9999人,天使轮,"Linux,Docker,Kubernetes,Redis,MySQL",负责系统部署上线、监控告警和故障排查，熟悉 Linux、Docker 和 Kubernetes 容器编排。,liepin,https://liepin.example.invalid/jobs/424,2026-04-07,2026-06-04 19:15:30
liepin-00425,电商运营,成都云智软件有限公司,4-18K,成都,天府新区,5-10年,硕士,教育培训,500-999人,A轮,"电商运营,Excel,数据分析,用户增长",负责店铺运营、活动策划和数据复盘，具备天猫/京东等电商平台运营经验，善于数据驱动增长。,liepin,https://liepin.example.invalid/jobs/425,2026-03-25,2026-06-04 03:15:30
lagou-00426,Python 后端工程师,成都鼎新软件有限公司,14-21K,成都,金牛区,5-10年,本科,电子商务,1000-9999人,A轮,"Python,FastAPI,PostgreSQL,Redis,Docker",负责业务后端服务开发，参与系统架构设计，使用 Python、FastAPI、PostgreSQL、Redis、Docker 构建稳定高效的微服务接口。,lagou,https://lagou.example.invalid/jobs/426,2026-04-21,2026-06-04 20:15:30
boss-00427,数据分析师,成都鼎新信息有限公司,7-19K,成都,武侯区,3-5年,不限,金融科技,1000-9999人,C轮及以上,"SQL,Python,Excel,Tableau,数据分析,数据可视化",负责业务数据分析、指标体系建设和数据看板搭建，熟练 SQL、Excel 和 Python，能独立完成分析报告。,boss,https://boss.example.invalid/jobs/427,2026-04-26,2026-06-04 09:15:30
boss-00428,产品经理,成都鼎新科技有限公司,8-26K·13薪,成都,金牛区,不限,大专,电子商务,1000-9999人,C轮及以上,"需求分析,原型设计,项目管理,Figma",负责需求分析、产品规划和项目推进，熟悉原型设计工具和敏捷开发流程，具备跨团队沟通协调能力。,boss,https://boss.example.invalid/jobs/428,2026-04-17,2026-06-02 22:15:30
liepin-00429,销售经理,成都天府数据有限公司,6-22K,成都,青羊区,不限,本科,教育培训,1000-9999人,天使轮,"销售,客户沟通,渠道拓展",负责客户开发、商务谈判和渠道拓展，制定销售策略并完成业绩指标，具备较强的客户沟通能力。,liepin,https://liepin.example.invalid/jobs/429,2026-04-02,2026-06-04 14:15:30
51job-00430,数据开发工程师,成都宏图软件有限公司,14-23K,成都,成华区,3-5年,不限,智能制造,500-999人,C轮及以上,"SQL,Python,Spark,Hadoop,数据仓库",负责数据仓库建设和 ETL 流程开发，熟悉 Spark/Hive/Hadoop 生态，有海量数据处理经验优先。,51job,https://51job.example.invalid/jobs/430,2026-05-27,2026-06-01 23:15:30
lagou-00431,算法工程师,成都宏图信息有限公司,20-37K,成都,双流区,1-3年,硕士,软件服务,1000-9999人,A轮,"Python,机器学习,深度学习,C++",负责推荐/搜索/广告等算法模型开发与优化，熟悉主流深度学习框架，有实际业务落地经验。,lagou,https://lagou.example.invalid/jobs/431,2026-04-14,2026-06-03 15:15:30
lagou-00432,运维工程师,成都天府信息有限公司,11-15K,成都,金牛区,5-10年,硕士,电子商务,20-99人,上市公司,"Linux,Docker,Kubernetes,Redis,MySQL",负责系统部署上线、监控告警和故障排查，熟悉 Linux、Docker 和 Kubernetes 容器编排。,lagou,https://lagou.example.invalid/jobs/432,2026-04-06,2026-06-04 05:15:30
51job-00433,产品经理,成都星河信息有限公司,10-21K,成都,青羊区,不限,大专,企业服务,500-999人,B轮,"需求分析,原型设计,项目管理,Figma",负责需求分析、产品规划和项目推进，熟悉原型设计工具和敏捷开发流程，具备跨团队沟通协调能力。,51job,https://51job.example.invalid/jobs/433,2026-04-14,2026-06-03 17:15:30
lagou-00434,运维工程师,成都云智数据有限公司,10-15K,成都,锦江区,1-3年,不限,智能制造,1000-9999人,未融资,"Linux,Docker,Kubernetes,Redis,MySQL",负责系统部署上线、监控告警和故障排查，熟悉 Linux、Docker 和 Kubernetes 容器编排。,lagou,https://lagou.example.invalid/jobs/434,2026-05-01,2026-06-04 06:15:30
boss-00435,测试工程师,成都博思信息有限公司,9-16K,成都,双流区,不限,不限,教育培训,500-999人,B轮,"Python,SQL,Linux",负责接口测试、自动化测试用例编写和质量保障，熟悉 Python 脚本和 SQL 查询，有 CI/CD 集成经验优先。,boss,https://boss.example.invalid/jobs/435,2026-04-19,2026-06-04 12:15:30
51job-00436,销售经理,成都天府信息有限公司,4-22K,成都,双流区,1-3年,大专,电子商务,1000-9999人,B轮,"销售,客户沟通,渠道拓展",负责客户开发、商务谈判和渠道拓展，制定销售策略并完成业绩指标，具备较强的客户沟通能力。,51job,https://51job.example.invalid/jobs/436,2026-05-05,2026-06-02 17:15:30
boss-00437,Python 后端工程师,成都宏图信息有限公司,13-26K,成都,金牛区,1-3年,本科,金融科技,500-999人,A轮,"Python,FastAPI,PostgreSQL,Redis,Docker",负责业务后端服务开发，参与系统架构设计，使用 Python、FastAPI、PostgreSQL、Redis、Docker 构建稳定高效的微服务接口。,boss,https://boss.example.invalid/jobs/437,2026-03-27,2026-06-02 17:15:30
51job-00438,Python 后端工程师,成都星河信息有限公司,10-24K·13薪,成都,双流区,5-10年,不限,金融科技,500-999人,A轮,"Python,FastAPI,PostgreSQL,Redis,Docker",负责业务后端服务开发，参与系统架构设计，使用 Python、FastAPI、PostgreSQL、Redis、Docker 构建稳定高效的微服务接口。,51job,https://51job.example.invalid/jobs/438,2026-04-26,2026-06-03 01:15:30
liepin-00439,产品经理,成都云智数据有限公司,9-21K,成都,金牛区,5-10年,硕士,智能制造,1000-9999人,A轮,"需求分析,原型设计,项目管理,Figma",负责需求分析、产品规划和项目推进，熟悉原型设计工具和敏捷开发流程，具备跨团队沟通协调能力。,liepin,https://liepin.example.invalid/jobs/439,2026-03-14,2026-06-02 19:15:30
51job-00440,前端开发工程师,成都鼎新软件有限公司,9-18K,成都,双流区,不限,大专,智能制造,1000-9999人,上市公司,"JavaScript,TypeScript,React,Vue",负责 Web 前端开发，参与组件库建设和性能优化，熟悉 React/Vue 技术栈，有 TypeScript 项目经验。,51job,https://51job.example.invalid/jobs/440,2026-03-19,2026-06-02 01:15:30
51job-00441,运维工程师,成都天府信息有限公司,8-19K·14薪,成都,武侯区,5-10年,本科,金融科技,1000-9999人,上市公司,"Linux,Docker,Kubernetes,Redis,MySQL",负责系统部署上线、监控告警和故障排查，熟悉 Linux、Docker 和 Kubernetes 容器编排。,51job,https://51job.example.invalid/jobs/441,2026-05-21,2026-06-04 03:15:30
51job-00442,前端开发工程师,成都鼎新信息有限公司,11-22K·13薪,成都,青羊区,5-10年,大专,互联网,20-99人,C轮及以上,"JavaScript,TypeScript,React,Vue",负责 Web 前端开发，参与组件库建设和性能优化，熟悉 React/Vue 技术栈，有 TypeScript 项目经验。,51job,https://51job.example.invalid/jobs/442,2026-05-25,2026-06-02 18:15:30
51job-00443,Java 开发工程师,成都博思数据有限公司,11-22K,成都,锦江区,不限,本科,软件服务,20-99人,未融资,"Java,Spring Boot,MySQL,Redis,Linux",负责 Java 后端系统开发与维护，熟悉 Spring Boot、MySQL、Redis 和 Linux 环境部署，有分布式项目经验优先。,51job,https://51job.example.invalid/jobs/443,2026-05-29,2026-06-02 20:15:30
lagou-00444,电商运营,成都蓉创软件有限公司,7-12K·13薪,成都,青羊区,1-3年,硕士,企业服务,100-499人,C轮及以上,"电商运营,Excel,数据分析,用户增长",负责店铺运营、活动策划和数据复盘，具备天猫/京东等电商平台运营经验，善于数据驱动增长。,lagou,https://lagou.example.invalid/jobs/444,2026-05-11,2026-06-03 13:15:30
lagou-00445,数据开发工程师,成都蓉创数据有限公司,11-28K,成都,双流区,5-10年,大专,电子商务,1000-9999人,未融资,"SQL,Python,Spark,Hadoop,数据仓库",负责数据仓库建设和 ETL 流程开发，熟悉 Spark/Hive/Hadoop 生态，有海量数据处理经验优先。,lagou,https://lagou.example.invalid/jobs/445,2026-05-17,2026-06-04 20:15:30
lagou-00446,前端开发工程师,成都星河科技有限公司,9-23K·14薪,成都,双流区,不限,不限,电子商务,100-499人,B轮,"JavaScript,TypeScript,React,Vue",负责 Web 前端开发，参与组件库建设和性能优化，熟悉 React/Vue 技术栈，有 TypeScript 项目经验。,lagou,https://lagou.example.invalid/jobs/446,2026-04-11,2026-06-03 15:15:30
boss-00447,算法工程师,成都蓉创软件有限公司,20-32K,成都,成华区,1-3年,不限,教育培训,100-499人,A轮,"Python,机器学习,深度学习,C++",负责推荐/搜索/广告等算法模型开发与优化，熟悉主流深度学习框架，有实际业务落地经验。,boss,https://boss.example.invalid/jobs/447,2026-04-01,2026-06-02 23:15:30
lagou-00448,电商运营,成都博思信息有限公司,6-18K,成都,武侯区,不限,本科,互联网,100-499人,B轮,"电商运营,Excel,数据分析,用户增长",负责店铺运营、活动策划和数据复盘，具备天猫/京东等电商平台运营经验，善于数据驱动增长。,lagou,https://lagou.example.invalid/jobs/448,2026-04-25,2026-06-02 04:15:30
51job-00449,运维工程师,成都鼎新软件有限公司,9-19K,成都,金牛区,5-10年,不限,软件服务,100-499人,未融资,"Linux,Docker,Kubernetes,Redis,MySQL",负责系统部署上线、监控告警和故障排查，熟悉 Linux、Docker 和 Kubernetes 容器编排。,51job,https://51job.example.invalid/jobs/449,2026-04-10,2026-06-04 02:15:30
lagou-00450,Python 后端工程师,成都宏图科技有限公司,13-25K·13薪,成都,天府新区,3-5年,硕士,金融科技,1000-9999人,未融资,"Python,FastAPI,PostgreSQL,Redis,Docker",负责业务后端服务开发，参与系统架构设计，使用 Python、FastAPI、PostgreSQL、Redis、Docker 构建稳定高效的微服务接口。,lagou,https://lagou.example.invalid/jobs/450,2026-04-10,2026-06-04 09:15:30
51job-00451,测试工程师,成都蓉创信息有限公司,5-15K·14薪,成都,锦江区,不限,大专,金融科技,20-99人,天使轮,"Python,SQL,Linux",负责接口测试、自动化测试用例编写和质量保障，熟悉 Python 脚本和 SQL 查询，有 CI/CD 集成经验优先。,51job,https://51job.example.invalid/jobs/451,2026-05-14,2026-06-02 06:15:30
boss-00452,测试工程师,成都鼎新信息有限公司,5-16K,成都,双流区,不限,硕士,企业服务,1000-9999人,B轮,"Python,SQL,Linux",负责接口测试、自动化测试用例编写和质量保障，熟悉 Python 脚本和 SQL 查询，有 CI/CD 集成经验优先。,boss,https://boss.example.invalid/jobs/452,2026-04-18,2026-06-04 10:15:30
boss-00453,算法工程师,成都锦城信息有限公司,16-37K,成都,天府新区,3-5年,本科,企业服务,20-99人,上市公司,"Python,机器学习,深度学习,C++",负责推荐/搜索/广告等算法模型开发与优化，熟悉主流深度学习框架，有实际业务落地经验。,boss,https://boss.example.invalid/jobs/453,2026-04-24,2026-06-01 23:15:30
liepin-00454,销售经理,成都博思科技有限公司,7-18K,成都,成华区,1-3年,大专,金融科技,1000-9999人,A轮,"销售,客户沟通,渠道拓展",负责客户开发、商务谈判和渠道拓展，制定销售策略并完成业绩指标，具备较强的客户沟通能力。,liepin,https://liepin.example.invalid/jobs/454,2026-05-13,2026-06-03 17:15:30
51job-00455,产品经理,成都鼎新信息有限公司,11-25K·13薪,成都,锦江区,5-10年,硕士,金融科技,500-999人,C轮及以上,"需求分析,原型设计,项目管理,Figma",负责需求分析、产品规划和项目推进，熟悉原型设计工具和敏捷开发流程，具备跨团队沟通协调能力。,51job,https://51job.example.invalid/jobs/455,2026-04-20,2026-06-04 11:15:30
lagou-00456,Java 开发工程师,成都星河科技有限公司,11-24K·14薪,成都,双流区,3-5年,硕士,智能制造,100-499人,上市公司,"Java,Spring Boot,MySQL,Redis,Linux",负责 Java 后端系统开发与维护，熟悉 Spring Boot、MySQL、Redis 和 Linux 环境部署，有分布式项目经验优先。,lagou,https://lagou.example.invalid/jobs/456,2026-03-16,2026-06-02 17:15:30
51job-00457,UI 设计师,成都宏图数据有限公司,9-14K,成都,天府新区,1-3年,本科,企业服务,100-499人,C轮及以上,"Figma,Photoshop,原型设计",负责产品界面设计、设计规范制定和交互细节优化，熟悉 Figma 和 PS，对用户体验有较高追求。,51job,https://51job.example.invalid/jobs/457,2026-04-10,2026-06-04 13:15:30
boss-00458,销售经理,成都博思科技有限公司,4-18K·13薪,成都,武侯区,3-5年,本科,电子商务,20-99人,C轮及以上,"销售,客户沟通,渠道拓展",负责客户开发、商务谈判和渠道拓展，制定销售策略并完成业绩指标，具备较强的客户沟通能力。,boss,https://boss.example.invalid/jobs/458,2026-03-31,2026-06-02 17:15:30
lagou-00459,数据开发工程师,成都博思数据有限公司,13-24K,成都,双流区,5-10年,硕士,教育培训,500-999人,A轮,"SQL,Python,Spark,Hadoop,数据仓库",负责数据仓库建设和 ETL 流程开发，熟悉 Spark/Hive/Hadoop 生态，有海量数据处理经验优先。,lagou,https://lagou.example.invalid/jobs/459,2026-05-30,2026-06-04 13:15:30
boss-00460,前端开发工程师,成都云智软件有限公司,7-21K,成都,双流区,不限,大专,智能制造,1000-9999人,B轮,"JavaScript,TypeScript,React,Vue",负责 Web 前端开发，参与组件库建设和性能优化，熟悉 React/Vue 技术栈，有 TypeScript 项目经验。,boss,https://boss.example.invalid/jobs/460,2026-03-28,2026-06-04 21:15:30
51job-00461,数据开发工程师,成都锦城信息有限公司,13-26K,成都,双流区,1-3年,不限,企业服务,20-99人,上市公司,"SQL,Python,Spark,Hadoop,数据仓库",负责数据仓库建设和 ETL 流程开发，熟悉 Spark/Hive/Hadoop 生态，有海量数据处理经验优先。,51job,https://51job.example.invalid/jobs/461,2026-04-27,2026-06-04 12:15:30
lagou-00462,数据分析师,成都天府科技有限公司,9-17K,成都,双流区,5-10年,大专,金融科技,1000-9999人,未融资,"SQL,Python,Excel,Tableau,数据分析,数据可视化",负责业务数据分析、指标体系建设和数据看板搭建，熟练 SQL、Excel 和 Python，能独立完成分析报告。,lagou,https://lagou.example.invalid/jobs/462,2026-03-16,2026-06-02 03:15:30
liepin-00463,前端开发工程师,成都天府数据有限公司,10-24K·14薪,成都,高新区,5-10年,不限,电子商务,20-99人,未融资,"JavaScript,TypeScript,React,Vue",负责 Web 前端开发，参与组件库建设和性能优化，熟悉 React/Vue 技术栈，有 TypeScript 项目经验。,liepin,https://liepin.example.invalid/jobs/463,2026-04-08,2026-06-03 16:15:30
boss-00464,电商运营,成都宏图信息有限公司,8-15K,成都,天府新区,不限,硕士,教育培训,500-999人,C轮及以上,"电商运营,Excel,数据分析,用户增长",负责店铺运营、活动策划和数据复盘，具备天猫/京东等电商平台运营经验，善于数据驱动增长。,boss,https://boss.example.invalid/jobs/464,2026-04-14,2026-06-02 09:15:30
boss-00465,算法工程师,成都宏图软件有限公司,19-39K,成都,天府新区,1-3年,本科,智能制造,100-499人,B轮,"Python,机器学习,深度学习,C++",负责推荐/搜索/广告等算法模型开发与优化，熟悉主流深度学习框架，有实际业务落地经验。,boss,https://boss.example.invalid/jobs/465,2026-03-17,2026-06-03 03:15:30
51job-00466,数据分析师,成都博思软件有限公司,10-18K,成都,天府新区,5-10年,大专,教育培训,100-499人,A轮,"SQL,Python,Excel,Tableau,数据分析,数据可视化",负责业务数据分析、指标体系建设和数据看板搭建，熟练 SQL、Excel 和 Python，能独立完成分析报告。,51job,https://51job.example.invalid/jobs/466,2026-05-19,2026-06-03 10:15:30
lagou-00467,前端开发工程师,成都宏图数据有限公司,8-20K,成都,天府新区,1-3年,不限,互联网,500-999人,A轮,"JavaScript,TypeScript,React,Vue",负责 Web 前端开发，参与组件库建设和性能优化，熟悉 React/Vue 技术栈，有 TypeScript 项目经验。,lagou,https://lagou.example.invalid/jobs/467,2026-05-23,2026-06-02 18:15:30
boss-00468,前端开发工程师,成都天府科技有限公司,11-17K·14薪,成都,金牛区,1-3年,硕士,电子商务,500-999人,A轮,"JavaScript,TypeScript,React,Vue",负责 Web 前端开发，参与组件库建设和性能优化，熟悉 React/Vue 技术栈，有 TypeScript 项目经验。,boss,https://boss.example.invalid/jobs/468,2026-04-10,2026-06-04 09:15:30
boss-00469,产品经理,成都星河科技有限公司,9-20K·14薪,成都,天府新区,不限,不限,软件服务,20-99人,天使轮,"需求分析,原型设计,项目管理,Figma",负责需求分析、产品规划和项目推进，熟悉原型设计工具和敏捷开发流程，具备跨团队沟通协调能力。,boss,https://boss.example.invalid/jobs/469,2026-04-07,2026-06-04 09:15:30
liepin-00470,数据开发工程师,成都鼎新信息有限公司,12-29K,成都,武侯区,1-3年,硕士,金融科技,20-99人,天使轮,"SQL,Python,Spark,Hadoop,数据仓库",负责数据仓库建设和 ETL 流程开发，熟悉 Spark/Hive/Hadoop 生态，有海量数据处理经验优先。,liepin,https://liepin.example.invalid/jobs/470,2026-05-16,2026-06-03 01:15:30
boss-00471,产品经理,成都鼎新信息有限公司,12-21K,成都,成华区,5-10年,大专,软件服务,1000-9999人,B轮,"需求分析,原型设计,项目管理,Figma",负责需求分析、产品规划和项目推进，熟悉原型设计工具和敏捷开发流程，具备跨团队沟通协调能力。,boss,https://boss.example.invalid/jobs/471,2026-04-18,2026-06-02 18:15:30
liepin-00472,UI 设计师,成都星河科技有限公司,7-13K,成都,锦江区,3-5年,硕士,企业服务,100-499人,B轮,"Figma,Photoshop,原型设计",负责产品界面设计、设计规范制定和交互细节优化，熟悉 Figma 和 PS，对用户体验有较高追求。,liepin,https://liepin.example.invalid/jobs/472,2026-06-03,2026-06-02 05:15:30
51job-00473,Python 后端工程师,成都蓉创数据有限公司,11-21K,成都,双流区,不限,本科,教育培训,100-499人,上市公司,"Python,FastAPI,PostgreSQL,Redis,Docker",负责业务后端服务开发，参与系统架构设计，使用 Python、FastAPI、PostgreSQL、Redis、Docker 构建稳定高效的微服务接口。,51job,https://51job.example.invalid/jobs/473,2026-04-14,2026-06-02 01:15:30
51job-00474,算法工程师,成都星河科技有限公司,17-39K·14薪,成都,双流区,3-5年,硕士,智能制造,100-499人,C轮及以上,"Python,机器学习,深度学习,C++",负责推荐/搜索/广告等算法模型开发与优化，熟悉主流深度学习框架，有实际业务落地经验。,51job,https://51job.example.invalid/jobs/474,2026-05-10,2026-06-03 09:15:30
51job-00475,数据分析师,成都蓉创信息有限公司,6-19K,成都,锦江区,5-10年,不限,智能制造,20-99人,A轮,"SQL,Python,Excel,Tableau,数据分析,数据可视化",负责业务数据分析、指标体系建设和数据看板搭建，熟练 SQL、Excel 和 Python，能独立完成分析报告。,51job,https://51job.example.invalid/jobs/475,2026-06-02,2026-06-04 20:15:30
boss-00476,测试工程师,成都宏图数据有限公司,5-12K,成都,天府新区,1-3年,本科,电子商务,500-999人,上市公司,"Python,SQL,Linux",负责接口测试、自动化测试用例编写和质量保障，熟悉 Python 脚本和 SQL 查询，有 CI/CD 集成经验优先。,boss,https://boss.example.invalid/jobs/476,2026-04-27,2026-06-04 23:15:30
boss-00477,数据开发工程师,成都鼎新软件有限公司,13-25K,成都,金牛区,1-3年,硕士,企业服务,1000-9999人,未融资,"SQL,Python,Spark,Hadoop,数据仓库",负责数据仓库建设和 ETL 流程开发，熟悉 Spark/Hive/Hadoop 生态，有海量数据处理经验优先。,boss,https://boss.example.invalid/jobs/477,2026-03-30,2026-06-03 23:15:30
lagou-00478,运维工程师,成都博思软件有限公司,8-22K,成都,天府新区,5-10年,硕士,金融科技,1000-9999人,上市公司,"Linux,Docker,Kubernetes,Redis,MySQL",负责系统部署上线、监控告警和故障排查，熟悉 Linux、Docker 和 Kubernetes 容器编排。,lagou,https://lagou.example.invalid/jobs/478,2026-05-26,2026-06-03 00:15:30
liepin-00479,前端开发工程师,成都星河信息有限公司,11-19K·13薪,成都,天府新区,5-10年,不限,智能制造,100-499人,C轮及以上,"JavaScript,TypeScript,React,Vue",负责 Web 前端开发，参与组件库建设和性能优化，熟悉 React/Vue 技术栈，有 TypeScript 项目经验。,liepin,https://liepin.example.invalid/jobs/479,2026-05-19,2026-06-02 06:15:30
boss-00480,销售经理,成都云智信息有限公司,7-18K,成都,金牛区,3-5年,本科,电子商务,500-999人,A轮,"销售,客户沟通,渠道拓展",负责客户开发、商务谈判和渠道拓展，制定销售策略并完成业绩指标，具备较强的客户沟通能力。,boss,https://boss.example.invalid/jobs/480,2026-03-23,2026-06-03 10:15:30
boss-00481,前端开发工程师,成都锦城软件有限公司,8-23K,成都,成华区,不限,本科,互联网,20-99人,B轮,"JavaScript,TypeScript,React,Vue",负责 Web 前端开发，参与组件库建设和性能优化，熟悉 React/Vue 技术栈，有 TypeScript 项目经验。,boss,https://boss.example.invalid/jobs/481,2026-04-29,2026-06-03 20:15:30
51job-00482,产品经理,成都锦城软件有限公司,12-26K·13薪,成都,双流区,5-10年,大专,企业服务,500-999人,未融资,"需求分析,原型设计,项目管理,Figma",负责需求分析、产品规划和项目推进，熟悉原型设计工具和敏捷开发流程，具备跨团队沟通协调能力。,51job,https://51job.example.invalid/jobs/482,2026-04-05,2026-06-04 07:15:30
liepin-00483,运维工程师,成都宏图数据有限公司,10-18K,成都,金牛区,1-3年,不限,教育培训,500-999人,C轮及以上,"Linux,Docker,Kubernetes,Redis,MySQL",负责系统部署上线、监控告警和故障排查，熟悉 Linux、Docker 和 Kubernetes 容器编排。,liepin,https://liepin.example.invalid/jobs/483,2026-03-27,2026-06-04 18:15:30
lagou-00484,Java 开发工程师,成都星河信息有限公司,9-19K,成都,天府新区,3-5年,大专,软件服务,1000-9999人,未融资,"Java,Spring Boot,MySQL,Redis,Linux",负责 Java 后端系统开发与维护，熟悉 Spring Boot、MySQL、Redis 和 Linux 环境部署，有分布式项目经验优先。,lagou,https://lagou.example.invalid/jobs/484,2026-04-01,2026-06-04 21:15:30
liepin-00485,测试工程师,成都锦城软件有限公司,8-12K,成都,高新区,3-5年,硕士,电子商务,20-99人,未融资,"Python,SQL,Linux",负责接口测试、自动化测试用例编写和质量保障，熟悉 Python 脚本和 SQL 查询，有 CI/CD 集成经验优先。,liepin,https://liepin.example.invalid/jobs/485,2026-04-22,2026-06-02 16:15:30
lagou-00486,前端开发工程师,成都蓉创软件有限公司,9-19K,成都,成华区,不限,本科,软件服务,20-99人,上市公司,"JavaScript,TypeScript,React,Vue",负责 Web 前端开发，参与组件库建设和性能优化，熟悉 React/Vue 技术栈，有 TypeScript 项目经验。,lagou,https://lagou.example.invalid/jobs/486,2026-05-24,2026-06-04 04:15:30
lagou-00487,运维工程师,成都博思科技有限公司,7-20K,成都,双流区,1-3年,大专,企业服务,100-499人,B轮,"Linux,Docker,Kubernetes,Redis,MySQL",负责系统部署上线、监控告警和故障排查，熟悉 Linux、Docker 和 Kubernetes 容器编排。,lagou,https://lagou.example.invalid/jobs/487,2026-04-24,2026-06-03 14:15:30
boss-00488,运维工程师,成都博思科技有限公司,7-19K·13薪,成都,金牛区,不限,硕士,智能制造,100-499人,未融资,"Linux,Docker,Kubernetes,Redis,MySQL",负责系统部署上线、监控告警和故障排查，熟悉 Linux、Docker 和 Kubernetes 容器编排。,boss,https://boss.example.invalid/jobs/488,2026-04-06,2026-06-02 01:15:30
lagou-00489,销售经理,成都宏图科技有限公司,4-20K·14薪,成都,成华区,1-3年,大专,电子商务,100-499人,天使轮,"销售,客户沟通,渠道拓展",负责客户开发、商务谈判和渠道拓展，制定销售策略并完成业绩指标，具备较强的客户沟通能力。,lagou,https://lagou.example.invalid/jobs/489,2026-03-24,2026-06-02 19:15:30
boss-00490,UI 设计师,成都锦城科技有限公司,8-13K,成都,天府新区,5-10年,本科,教育培训,500-999人,上市公司,"Figma,Photoshop,原型设计",负责产品界面设计、设计规范制定和交互细节优化，熟悉 Figma 和 PS，对用户体验有较高追求。,boss,https://boss.example.invalid/jobs/490,2026-03-17,2026-06-03 10:15:30
boss-00491,算法工程师,成都星河数据有限公司,17-36K,成都,锦江区,5-10年,不限,企业服务,100-499人,上市公司,"Python,机器学习,深度学习,C++",负责推荐/搜索/广告等算法模型开发与优化，熟悉主流深度学习框架，有实际业务落地经验。,boss,https://boss.example.invalid/jobs/491,2026-03-28,2026-06-01 23:15:30
51job-00492,运维工程师,成都天府数据有限公司,8-20K,成都,成华区,1-3年,硕士,教育培训,500-999人,未融资,"Linux,Docker,Kubernetes,Redis,MySQL",负责系统部署上线、监控告警和故障排查，熟悉 Linux、Docker 和 Kubernetes 容器编排。,51job,https://51job.example.invalid/jobs/492,2026-04-08,2026-06-03 13:15:30
boss-00493,销售经理,成都宏图软件有限公司,7-17K·14薪,成都,锦江区,不限,不限,教育培训,20-99人,上市公司,"销售,客户沟通,渠道拓展",负责客户开发、商务谈判和渠道拓展，制定销售策略并完成业绩指标，具备较强的客户沟通能力。,boss,https://boss.example.invalid/jobs/493,2026-04-13,2026-06-02 00:15:30
liepin-00494,测试工程师,成都星河软件有限公司,8-17K,成都,锦江区,1-3年,硕士,互联网,100-499人,上市公司,"Python,SQL,Linux",负责接口测试、自动化测试用例编写和质量保障，熟悉 Python 脚本和 SQL 查询，有 CI/CD 集成经验优先。,liepin,https://liepin.example.invalid/jobs/494,2026-03-07,2026-06-04 22:15:30
boss-00495,算法工程师,成都宏图数据有限公司,18-35K,成都,成华区,3-5年,硕士,智能制造,100-499人,未融资,"Python,机器学习,深度学习,C++",负责推荐/搜索/广告等算法模型开发与优化，熟悉主流深度学习框架，有实际业务落地经验。,boss,https://boss.example.invalid/jobs/495,2026-05-07,2026-06-03 18:15:30
lagou-00496,Java 开发工程师,成都锦城科技有限公司,10-26K·14薪,成都,青羊区,1-3年,不限,软件服务,500-999人,C轮及以上,"Java,Spring Boot,MySQL,Redis,Linux",负责 Java 后端系统开发与维护，熟悉 Spring Boot、MySQL、Redis 和 Linux 环境部署，有分布式项目经验优先。,lagou,https://lagou.example.invalid/jobs/496,2026-03-12,2026-06-01 23:15:30
boss-00497,数据开发工程师,成都宏图科技有限公司,12-25K·13薪,成都,成华区,不限,本科,金融科技,1000-9999人,A轮,"SQL,Python,Spark,Hadoop,数据仓库",负责数据仓库建设和 ETL 流程开发，熟悉 Spark/Hive/Hadoop 生态，有海量数据处理经验优先。,boss,https://boss.example.invalid/jobs/497,2026-03-09,2026-06-02 00:15:30
boss-00498,电商运营,成都博思软件有限公司,7-16K,成都,青羊区,不限,硕士,软件服务,500-999人,未融资,"电商运营,Excel,数据分析,用户增长",负责店铺运营、活动策划和数据复盘，具备天猫/京东等电商平台运营经验，善于数据驱动增长。,boss,https://boss.example.invalid/jobs/498,2026-05-29,2026-06-03 12:15:30
boss-00499,数据开发工程师,成都鼎新数据有限公司,11-28K,成都,青羊区,不限,不限,金融科技,1000-9999人,未融资,"SQL,Python,Spark,Hadoop,数据仓库",负责数据仓库建设和 ETL 流程开发，熟悉 Spark/Hive/Hadoop 生态，有海量数据处理经验优先。,boss,https://boss.example.invalid/jobs/499,2026-05-10,2026-06-04 02:15:30
liepin-00500,产品经理,成都鼎新信息有限公司,9-20K,成都,青羊区,5-10年,不限,智能制造,1000-9999人,C轮及以上,"需求分析,原型设计,项目管理,Figma",负责需求分析、产品规划和项目推进，熟悉原型设计工具和敏捷开发流程，具备跨团队沟通协调能力。,liepin,https://liepin.example.invalid/jobs/500,2026-04-22,2026-06-04 17:15:30
